Finals,Aff,BatAge,R/G,G,PA,AB,R,H,2B,3B,HR,RBI,SB,CS,BB,SO,BA,OBP,SLG,OPS,TB,GDP,HBP,SH,SF,IBB,BABIP,2021,AA,Year,League
Amarillo Sod Poodles,ARI,24.4,5.2,120,4507,4000,624,1016,191,40,160,588,117,44,406,1172,0.254,0.33,0.442,0.772,1767,64,66,4,31,3,0.317154502,1,1,2021,aa
Mississippi Braves,ATL,24,4.42,111,3976,3539,491,786,142,20,143,445,78,28,353,1094,0.222,0.302,0.395,0.697,1397,62,60,5,19,7,0.27703576,1,1,2021,aa
Bowie Baysox,BAL,24.1,5.23,120,4499,3891,628,916,196,21,170,583,78,36,507,1226,0.235,0.332,0.428,0.76,1664,62,68,9,24,7,0.296149266,1,1,2021,aa
Portland Sea Dogs,BOS,24.2,5.04,114,4141,3695,575,968,222,19,130,528,46,30,333,910,0.262,0.333,0.438,0.771,1618,79,75,6,32,4,0.311871976,1,1,2021,aa
Tennessee Smokies,CHC,24,4.34,109,4034,3529,473,832,187,18,91,439,73,30,399,1048,0.236,0.324,0.376,0.7,1328,57,73,5,28,4,0.306451613,1,1,2021,aa
Birmingham Barons,CHW,25.4,4.72,118,4272,3818,557,984,177,18,134,516,120,30,350,1050,0.258,0.33,0.419,0.748,1599,76,70,11,23,7,0.319909673,1,1,2021,aa
Chattanooga Lookouts,CIN,24.6,4.92,112,4178,3699,551,981,168,29,101,500,58,47,348,919,0.265,0.341,0.408,0.749,1510,87,92,8,31,0,0.324723247,1,1,2021,aa
Akron RubberDucks,CLE,23.1,5.28,119,4490,3922,628,998,220,30,116,577,100,43,440,1046,0.255,0.338,0.415,0.752,1626,49,73,17,38,6,0.315225161,1,1,2021,aa
Hartford Yard Goats,COL,24.4,4.03,118,4301,3808,475,869,198,13,122,433,99,35,390,1203,0.228,0.308,0.383,0.691,1459,61,61,10,32,3,0.297017893,1,1,2021,aa
Erie SeaWolves,DET,24,4.91,119,4371,3884,584,981,192,27,152,546,79,30,378,1159,0.253,0.327,0.433,0.76,1683,63,67,5,37,4,0.317624521,1,1,2021,aa
Corpus Christi Hooks,HOU,24.2,4.63,119,4478,3932,551,970,187,13,140,524,89,53,451,1178,0.247,0.335,0.408,0.742,1603,84,77,1,17,13,0.315469403,1,1,2021,aa
Northwest Arkansas Naturals,KCR,24.2,5.61,119,4540,3932,668,1012,181,25,166,619,164,60,488,1076,0.257,0.347,0.443,0.79,1741,67,66,23,31,4,0.310915105,1,1,2021,aa
Rocket City Trash Pandas,LAA,25.2,4.75,110,4065,3585,523,862,172,13,152,487,87,34,391,1068,0.24,0.324,0.423,0.747,1516,57,63,2,24,5,0.297195479,1,1,2021,aa
Tulsa Drillers,LAD,23.6,5.37,120,4684,4055,644,1028,184,10,161,613,62,27,511,1160,0.254,0.344,0.423,0.767,1715,82,73,1,44,5,0.312095032,1,1,2021,aa
Pensacola Blue Wahoos,MIA,24.6,3.67,111,3988,3473,407,737,158,12,99,374,63,38,424,1173,0.212,0.307,0.35,0.657,1216,84,59,11,21,5,0.287128713,1,1,2021,aa
Biloxi Shuckers,MIL,24.2,4.18,114,4186,3698,476,852,166,23,104,446,84,36,387,1098,0.23,0.312,0.372,0.684,1376,64,65,11,25,7,0.296707656,1,1,2021,aa
Wichita Wind Surge,MIN,24.8,5.3,120,4601,4033,636,1038,178,18,150,597,123,41,459,1142,0.257,0.339,0.422,0.761,1702,85,63,4,42,7,0.319080129,1,1,2021,aa
Binghamton Rumble Ponies,NYM,23.9,4.46,107,4020,3555,477,866,193,11,108,439,57,26,359,1085,0.244,0.321,0.395,0.717,1405,71,63,13,30,5,0.316889632,1,1,2021,aa
Somerset Patriots,NYY,23.6,5.04,119,4402,3880,600,962,209,20,175,546,186,50,448,1150,0.248,0.331,0.447,0.779,1736,59,46,4,24,4,0.305157038,1,1,2021,aa
Midland RockHounds,OAK,24.3,4.68,119,4551,3956,557,934,170,18,98,515,65,25,492,1173,0.236,0.329,0.363,0.692,1434,92,69,7,27,3,0.308259587,1,1,2021,aa
Reading Fightin Phils,PHI,24.2,4.04,113,4150,3666,457,852,176,21,121,423,49,20,400,1032,0.232,0.313,0.391,0.704,1433,72,44,12,28,8,0.287682015,1,1,2021,aa
Altoona Curve,PIT,23,4.57,117,4275,3820,535,932,186,22,119,504,86,43,371,1102,0.244,0.316,0.398,0.714,1519,66,47,6,31,7,0.309125475,1,1,2021,aa
San Antonio Missions,SDP,23.6,4.46,120,4418,3835,535,923,183,22,95,493,135,69,450,985,0.241,0.33,0.374,0.704,1435,76,77,20,36,3,0.296667861,1,1,2021,aa
Arkansas Travelers,SEA,24.8,4.71,120,4516,3901,565,922,164,17,124,515,103,43,511,1214,0.236,0.334,0.383,0.717,1492,53,74,4,26,3,0.308227115,1,1,2021,aa
Richmond Flying Squirrels,SFG,23.9,4.65,113,4166,3652,525,862,183,17,127,480,66,19,398,1124,0.236,0.322,0.4,0.722,1460,58,75,17,24,1,0.303092784,1,1,2021,aa
Springfield Cardinals,STL,23,4.81,120,4639,4058,577,1029,159,15,140,534,67,36,467,1087,0.254,0.339,0.404,0.743,1638,76,75,6,33,1,0.310405028,1,1,2021,aa
Montgomery Biscuits,TBR,24,4.76,117,4321,3748,557,906,181,31,114,508,116,56,437,1138,0.242,0.33,0.398,0.728,1491,51,75,20,41,4,0.31217974,1,1,2021,aa
Frisco RoughRiders,TEX,24,4.67,119,4406,3898,556,961,175,21,136,511,116,36,405,1143,0.247,0.324,0.407,0.731,1586,76,56,22,25,1,0.312027231,1,1,2021,aa
New Hampshire Fisher Cats,TOR,23.4,5.22,107,4029,3533,559,916,194,15,91,520,146,39,383,1019,0.259,0.341,0.4,0.741,1413,46,74,3,36,3,0.335502237,1,1,2021,aa
Harrisburg Senators,WSN,25.3,3.66,118,4248,3820,432,869,192,14,76,388,48,31,312,1047,0.228,0.297,0.345,0.642,1317,73,75,23,18,4,0.292081031,1,1,2021,aa
Jackson Generals,ARI,23.7,4.49,135,4955,4336,606,1034,211,36,128,562,72,30,459,1142,0.239,0.321,0.392,0.713,1701,68,90,23,47,12,0.291037584,0,1,2019,aa
Mississippi Braves,ATL,23.6,3.47,139,4988,4474,483,1055,202,38,87,448,94,48,399,1274,0.236,0.305,0.356,0.661,1594,86,60,23,32,9,0.307790143,0,1,2019,aa
Bowie Baysox,BAL,24.2,4.2,140,5139,4593,588,1128,246,32,96,545,97,40,422,1050,0.246,0.314,0.376,0.69,1726,112,58,23,43,7,0.295702006,0,1,2019,aa
Portland Sea Dogs,BOS,24.5,3.71,139,4968,4425,516,1033,220,16,94,476,104,46,409,1291,0.233,0.306,0.354,0.66,1567,78,66,37,31,13,0.305763595,0,1,2019,aa
Tennessee Smokies,CHC,24.3,3.86,139,5188,4549,536,1113,214,29,48,491,118,49,469,1043,0.245,0.32,0.336,0.657,1529,94,62,57,51,23,0.303505272,0,1,2019,aa
Birmingham Barons,CHW,23.6,4.04,136,4956,4437,549,1116,213,23,73,516,113,57,408,1078,0.252,0.32,0.359,0.679,1594,89,54,19,38,6,0.31377858,0,1,2019,aa
Chattanooga Lookouts,CIN,23.7,4.57,136,5056,4479,621,1159,208,26,104,564,93,39,443,1129,0.259,0.332,0.387,0.719,1731,110,69,27,38,8,0.321254568,0,1,2019,aa
Akron RubberDucks,CLE,23.8,3.91,140,5151,4606,547,1094,217,29,102,509,76,44,425,1071,0.238,0.307,0.364,0.671,1675,84,51,33,36,12,0.285961372,0,1,2019,aa
Hartford Yard Goats,COL,23.6,3.78,139,4933,4406,526,1031,221,18,115,482,114,64,392,1114,0.234,0.303,0.371,0.673,1633,78,54,50,31,14,0.28553616,0,1,2019,aa
Erie SeaWolves,DET,23.8,4.27,138,5065,4520,589,1125,207,33,116,542,82,46,411,1126,0.249,0.317,0.386,0.703,1746,84,64,16,54,8,0.302821128,0,1,2019,aa
Corpus Christi Hooks,HOU,23.6,4.83,139,5326,4689,671,1161,212,39,163,622,123,51,490,1351,0.248,0.331,0.414,0.745,1940,86,109,7,31,13,0.311291329,0,1,2019,aa
Northwest Arkansas Naturals,KCR,23.8,3.86,138,5008,4498,533,1094,177,35,85,486,218,71,378,1293,0.243,0.309,0.355,0.664,1596,78,65,32,35,6,0.319809826,0,1,2019,aa
Mobile BayBears,LAA,23.8,3.55,136,4871,4341,483,1032,217,18,70,449,75,34,434,1154,0.238,0.314,0.344,0.658,1495,103,60,3,33,5,0.305396825,0,1,2019,aa
Tulsa Drillers,LAD,23.8,4.78,139,5219,4647,664,1220,186,24,169,626,66,33,471,1288,0.263,0.335,0.422,0.757,1961,86,52,10,39,12,0.325487767,0,1,2019,aa
Jacksonville Jumbo Shrimp,MIA,23.4,3.31,137,4915,4450,454,1037,187,25,63,420,97,40,336,1125,0.233,0.295,0.329,0.624,1463,89,66,37,26,15,0.29622871,0,1,2019,aa
Biloxi Shuckers,MIL,24.4,4.29,139,5105,4484,597,1093,212,25,120,553,117,53,494,1250,0.244,0.325,0.383,0.707,1715,79,60,30,37,13,0.30879086,0,1,2019,aa
Pensacola Blue Wahoos,MIN,23.5,4.12,139,5086,4496,573,1053,195,25,126,525,91,46,461,1214,0.234,0.313,0.373,0.686,1676,90,72,20,37,12,0.290322581,0,1,2019,aa
Binghamton Rumble Ponies,NYM,24.5,3.75,140,5087,4463,525,1084,232,20,87,490,95,54,478,1065,0.243,0.323,0.362,0.686,1617,100,69,42,35,8,0.297967723,0,1,2019,aa
Trenton Thunder,NYY,24.6,3.93,138,4977,4386,543,1055,195,32,102,513,106,44,472,1171,0.241,0.32,0.369,0.69,1620,75,55,36,28,6,0.303406558,0,1,2019,aa
Midland RockHounds,OAK,24.3,4.47,139,5312,4643,621,1136,211,47,91,574,105,53,545,1356,0.245,0.33,0.369,0.699,1714,79,65,19,40,10,0.322929543,0,1,2019,aa
Reading Fightin Phils,PHI,22.6,4.22,139,5059,4438,586,1039,224,47,119,540,115,56,503,1179,0.234,0.318,0.386,0.704,1714,89,55,31,32,16,0.290037831,0,1,2019,aa
Altoona Curve,PIT,24.2,3.89,140,5016,4488,544,1081,218,31,85,503,87,48,387,1222,0.241,0.308,0.36,0.668,1616,71,65,37,39,17,0.30931677,0,1,2019,aa
Amarillo Sod Poodles,SDP,23.3,4.81,138,5207,4649,664,1220,229,22,139,613,119,48,440,1128,0.262,0.331,0.411,0.742,1910,107,56,22,40,14,0.315897136,0,1,2019,aa
Arkansas Travelers,SEA,24.2,4.15,138,5190,4626,573,1149,195,24,114,520,100,40,463,1330,0.248,0.322,0.375,0.697,1734,79,53,15,33,12,0.32192846,0,1,2019,aa
Richmond Flying Squirrels,SFG,24.4,3.29,139,5027,4455,458,975,188,29,84,430,130,76,454,1225,0.219,0.296,0.331,0.627,1473,65,50,33,35,13,0.280100597,0,1,2019,aa
Springfield Cardinals,STL,23.1,4.35,140,5236,4642,609,1101,203,17,140,558,85,43,449,1189,0.237,0.313,0.379,0.692,1758,85,77,36,32,12,0.287294469,0,1,2019,aa
Montgomery Biscuits,TBR,22.7,4.63,138,5055,4413,639,1106,211,46,115,568,213,100,522,1046,0.251,0.334,0.398,0.732,1754,60,54,20,46,10,0.300485143,0,1,2019,aa
Frisco RoughRiders,TEX,23.8,4.32,139,5182,4620,600,1154,196,20,98,559,70,41,443,1101,0.25,0.322,0.365,0.687,1684,106,68,13,38,7,0.305290546,0,1,2019,aa
New Hampshire Fisher Cats,TOR,23.5,4.03,139,5101,4526,560,1077,244,28,94,524,107,57,453,1292,0.238,0.315,0.367,0.682,1659,89,72,15,35,6,0.309606299,0,1,2019,aa
Harrisburg Senators,WSN,25.2,4.07,139,4995,4488,566,1082,243,25,88,514,65,38,402,1113,0.241,0.307,0.365,0.672,1639,95,41,29,35,17,0.299217339,0,1,2019,aa
Arizona Diamondbacks,ARI,28.9,4.19,162,6144,5489,679,1297,308,31,144,644,43,16,537,1465,0.236,0.309,0.382,0.692,2099,99,54,32,28,24,0.295035824,1,0,2021,mlb
Atlanta Braves,ATL,28.2,4.91,161,6056,5363,790,1307,269,20,239,762,59,19,549,1453,0.244,0.319,0.435,0.754,2333,81,67,32,43,36,0.287560582,1,0,2021,mlb
Baltimore Orioles,BAL,26.7,4.07,162,5983,5420,659,1296,266,15,195,632,54,23,451,1454,0.239,0.304,0.402,0.705,2177,105,65,14,31,12,0.289584429,1,0,2021,mlb
Boston Red Sox,BOS,28,5.12,162,6122,5495,829,1434,330,23,219,783,40,21,512,1386,0.261,0.328,0.449,0.777,2467,100,61,10,42,22,0.309003052,1,0,2021,mlb
Chicago Cubs,CHC,29.1,4.35,162,5972,5306,705,1255,225,26,210,672,86,37,502,1596,0.237,0.312,0.407,0.719,2162,133,92,40,30,17,0.296033994,1,0,2021,mlb
Chicago White Sox,CHW,28,4.91,162,6084,5357,796,1373,275,22,190,757,57,20,586,1389,0.256,0.336,0.422,0.758,2262,139,78,24,39,10,0.309929264,1,0,2021,mlb
Cincinnati Reds,CIN,28.9,4.85,162,6162,5423,786,1352,295,13,222,756,36,24,553,1425,0.249,0.328,0.431,0.759,2339,129,105,35,45,22,0.295734101,1,0,2021,mlb
Cleveland Indians,CLE,26.7,4.43,162,5907,5332,717,1269,248,22,203,686,109,17,453,1387,0.238,0.303,0.407,0.71,2170,105,64,20,36,18,0.282159873,1,0,2021,mlb
Colorado Rockies,COL,28.1,4.59,161,6007,5374,739,1338,275,34,182,709,76,23,491,1356,0.249,0.317,0.414,0.731,2227,98,58,48,36,24,0.298553719,1,0,2021,mlb
Detroit Tigers,DET,28.1,4.3,162,5979,5376,697,1299,236,37,179,675,88,25,490,1514,0.242,0.308,0.399,0.707,2146,113,44,17,50,8,0.300026788,1,0,2021,mlb
Houston Astros,HOU,28.9,5.33,162,6291,5593,863,1496,299,14,221,834,53,16,569,1222,0.267,0.339,0.444,0.783,2486,136,64,9,54,25,0.303282588,1,0,2021,mlb
Kansas City Royals,KCR,29.3,4.23,162,5993,5427,686,1349,251,29,163,647,124,33,421,1258,0.249,0.306,0.396,0.702,2147,100,55,31,52,8,0.292262198,1,0,2021,mlb
Los Angeles Angels,LAA,29.2,4.46,162,6019,5437,723,1331,265,23,190,691,79,26,464,1394,0.245,0.31,0.407,0.717,2212,107,59,30,25,35,0.294223827,1,0,2021,mlb
Los Angeles Dodgers,LAD,29.2,5.12,162,6239,5445,830,1330,247,24,237,799,65,17,613,1408,0.244,0.33,0.429,0.759,2336,96,104,32,45,36,0.28426528,1,0,2021,mlb
Miami Marlins,MIA,28.2,3.85,162,5929,5348,623,1244,226,23,158,594,106,29,450,1553,0.233,0.298,0.372,0.671,1990,95,65,30,30,25,0.296154895,1,0,2021,mlb
Milwaukee Brewers,MIL,28.7,4.56,162,6099,5362,738,1251,255,18,194,700,82,21,586,1465,0.233,0.317,0.396,0.713,2124,102,88,25,35,26,0.282771536,1,0,2021,mlb
Minnesota Twins,MIN,28.3,4.5,162,6078,5431,729,1311,271,17,228,690,54,15,525,1405,0.241,0.314,0.423,0.738,2300,122,70,7,42,17,0.28203125,1,0,2021,mlb
New York Mets,NYM,28.2,3.93,162,5856,5210,636,1243,228,18,176,604,54,26,495,1392,0.239,0.315,0.391,0.705,2035,123,94,34,23,25,0.291132333,1,0,2021,mlb
New York Yankees,NYY,29.3,4.39,162,6060,5331,711,1266,213,12,222,666,63,18,621,1482,0.237,0.322,0.407,0.729,2169,154,63,10,34,14,0.285167987,1,0,2021,mlb
Oakland Athletics,OAK,30.1,4.59,162,6104,5395,743,1284,271,19,199,698,88,20,545,1349,0.238,0.317,0.406,0.723,2190,99,98,17,49,17,0.27849076,1,0,2021,mlb
Philadelphia Phillies,PHI,29.1,4.53,162,6089,5366,734,1288,262,24,198,700,77,19,564,1402,0.24,0.318,0.408,0.726,2192,103,67,47,43,37,0.286164348,1,0,2021,mlb
Pittsburgh Pirates,PIT,27.5,3.76,162,5983,5336,609,1261,240,35,124,570,60,30,529,1328,0.236,0.309,0.364,0.673,1943,102,49,31,37,24,0.289977047,1,0,2021,mlb
San Diego Padres,SDP,28,4.5,162,6119,5384,729,1305,273,21,180,695,110,39,586,1324,0.242,0.321,0.401,0.722,2160,121,61,36,46,42,0.286551197,1,0,2021,mlb
Seattle Mariners,SEA,27,4.3,162,6010,5355,697,1209,233,11,199,673,64,24,535,1492,0.226,0.303,0.385,0.688,2061,92,72,9,36,8,0.272972973,1,0,2021,mlb
San Francisco Giants,SFG,30.6,4.96,162,6196,5462,804,1360,271,25,241,768,66,14,602,1461,0.249,0.329,0.44,0.769,2404,117,64,36,30,45,0.29525066,1,0,2021,mlb
St. Louis Cardinals,STL,28.5,4.36,162,6001,5351,706,1303,261,22,198,678,89,22,478,1341,0.244,0.313,0.412,0.725,2202,99,86,40,44,32,0.28656639,1,0,2021,mlb
Tampa Bay Rays,TBR,27.7,5.29,162,6213,5507,857,1336,288,36,222,810,88,42,585,1542,0.243,0.321,0.429,0.75,2362,75,72,6,41,27,0.294397463,1,0,2021,mlb
Texas Rangers,TEX,26.8,3.86,162,5943,5405,625,1254,225,24,167,598,106,29,433,1381,0.232,0.294,0.375,0.67,2028,113,58,16,31,10,0.279578189,1,0,2021,mlb
Toronto Blue Jays,TOR,26.8,5.22,162,6070,5476,846,1455,285,13,262,816,81,20,496,1218,0.266,0.33,0.466,0.797,2552,112,51,10,35,14,0.295956338,1,0,2021,mlb
Washington Nationals,WSN,28.7,4.47,162,6113,5385,724,1388,272,20,182,686,56,26,573,1303,0.258,0.337,0.417,0.754,2246,158,84,38,31,43,0.306792165,1,0,2021,mlb
Arizona Diamondbacks,ARI,28.7,5.02,162,6315,5633,813,1419,288,40,220,778,88,14,540,1360,0.252,0.323,0.434,0.757,2447,120,70,31,40,36,0.292939164,0,0,2019,mlb
Atlanta Braves,ATL,28,5.28,162,6302,5560,855,1432,277,29,249,824,89,28,619,1467,0.258,0.336,0.452,0.789,2514,104,60,25,35,39,0.304975509,0,0,2019,mlb
Baltimore Orioles,BAL,26.5,4.5,162,6189,5596,729,1379,252,25,213,698,84,30,462,1435,0.246,0.31,0.415,0.725,2320,111,71,22,37,8,0.29259724,0,0,2019,mlb
Boston Red Sox,BOS,27.3,5.56,162,6475,5770,901,1554,345,27,245,857,68,30,590,1382,0.269,0.34,0.466,0.806,2688,127,49,20,44,36,0.312634344,0,0,2019,mlb
Chicago Cubs,CHC,27.7,5.02,162,6195,5461,814,1378,270,26,256,783,45,24,581,1460,0.252,0.331,0.452,0.783,2468,127,83,30,39,33,0.296511628,0,0,2019,mlb
Chicago White Sox,CHW,27.6,4.4,161,6042,5529,708,1443,260,20,182,676,63,28,378,1549,0.261,0.314,0.414,0.728,2289,114,66,36,32,13,0.32924282,0,0,2019,mlb
Cincinnati Reds,CIN,27.8,4.33,162,6100,5450,701,1328,235,27,227,679,80,38,492,1436,0.244,0.315,0.422,0.736,2298,111,89,30,33,25,0.288219895,0,0,2019,mlb
Cleveland Indians,CLE,27.7,4.75,162,6124,5425,769,1354,286,18,223,731,103,35,563,1332,0.25,0.323,0.432,0.756,2345,110,50,40,46,30,0.288815117,0,0,2019,mlb
Colorado Rockies,COL,28.2,5.15,162,6288,5660,835,1502,323,41,224,803,71,31,489,1503,0.265,0.326,0.456,0.782,2579,111,43,51,43,25,0.321428571,0,0,2019,mlb
Detroit Tigers,DET,27.6,3.61,161,6039,5549,582,1333,292,41,149,556,57,20,391,1595,0.24,0.294,0.388,0.682,2154,108,48,9,42,14,0.30777229,0,0,2019,mlb
Houston Astros,HOU,29,5.68,162,6394,5613,920,1538,323,28,288,891,67,27,645,1166,0.274,0.352,0.495,0.848,2781,146,66,10,57,17,0.296489564,0,0,2019,mlb
Kansas City Royals,KCR,27.6,4.27,162,6080,5496,691,1356,281,40,162,655,117,39,456,1405,0.247,0.309,0.401,0.71,2203,113,59,24,42,17,0.300679929,0,0,2019,mlb
Los Angeles Angels,LAA,28.8,4.75,162,6251,5542,769,1368,268,21,220,734,65,20,586,1276,0.247,0.324,0.422,0.746,2338,143,67,4,42,29,0.280821918,0,0,2019,mlb
Los Angeles Dodgers,LAD,27.9,5.47,162,6282,5493,886,1414,302,20,279,861,57,10,607,1356,0.257,0.338,0.472,0.81,2593,100,81,55,45,47,0.290801947,0,0,2019,mlb
Miami Marlins,MIA,28.4,3.8,162,6045,5512,615,1326,265,18,146,593,55,30,395,1469,0.241,0.298,0.375,0.673,2065,139,73,31,33,16,0.300254453,0,0,2019,mlb
Milwaukee Brewers,MIL,28.9,4.75,162,6309,5542,769,1366,279,17,250,744,101,25,629,1563,0.246,0.329,0.438,0.767,2429,120,72,20,38,42,0.296256968,0,0,2019,mlb
Minnesota Twins,MIN,27.8,5.8,162,6392,5732,939,1547,318,23,307,906,28,21,525,1334,0.27,0.338,0.494,0.832,2832,101,81,10,41,21,0.300096805,0,0,2019,mlb
New York Mets,NYM,27.9,4.88,162,6290,5624,791,1445,280,17,242,767,56,27,516,1384,0.257,0.328,0.442,0.77,2485,129,95,28,27,34,0.298881988,0,0,2019,mlb
New York Yankees,NYY,28.3,5.82,162,6245,5583,943,1493,290,17,306,904,55,22,569,1437,0.267,0.339,0.49,0.829,2735,113,49,10,33,18,0.306480764,0,0,2019,mlb
Oakland Athletics,OAK,27.8,5.22,162,6269,5561,845,1384,292,23,257,800,49,21,578,1338,0.249,0.327,0.448,0.776,2493,140,87,7,36,17,0.281609195,0,0,2019,mlb
Philadelphia Phillies,PHI,27.7,4.78,162,6261,5571,774,1369,311,26,215,742,78,18,562,1453,0.246,0.319,0.427,0.746,2377,97,57,34,34,47,0.293116586,0,0,2019,mlb
Pittsburgh Pirates,PIT,27.5,4.68,162,6228,5657,758,1497,315,38,163,722,64,29,425,1213,0.265,0.321,0.42,0.741,2377,119,63,47,34,41,0.309154114,0,0,2019,mlb
San Diego Padres,SDP,26.2,4.21,162,6019,5391,682,1281,224,24,219,652,70,37,504,1581,0.238,0.308,0.41,0.718,2210,120,55,37,31,19,0.293208172,0,0,2019,mlb
Seattle Mariners,SEA,27.8,4.68,162,6199,5500,758,1305,254,28,239,730,115,47,588,1581,0.237,0.316,0.424,0.74,2332,83,58,14,37,7,0.286790422,0,0,2019,mlb
San Francisco Giants,SFG,29.9,4.19,162,6170,5579,678,1332,300,26,167,655,47,28,475,1435,0.239,0.302,0.392,0.694,2185,111,50,24,42,26,0.289873103,0,0,2019,mlb
St. Louis Cardinals,STL,28.8,4.72,162,6167,5449,764,1336,246,24,210,714,116,29,561,1420,0.245,0.322,0.415,0.737,2260,110,76,40,39,15,0.291861068,0,0,2019,mlb
Tampa Bay Rays,TBR,27.2,4.75,162,6285,5628,769,1427,291,29,217,730,94,37,542,1493,0.254,0.325,0.431,0.757,2427,114,73,8,34,20,0.306174089,0,0,2019,mlb
Texas Rangers,TEX,28.8,5,162,6204,5540,810,1374,296,24,223,765,131,38,534,1578,0.248,0.319,0.431,0.75,2387,98,67,17,44,18,0.304255882,0,0,2019,mlb
Toronto Blue Jays,TOR,25.9,4.48,162,6091,5493,726,1299,270,21,247,697,51,20,509,1514,0.236,0.305,0.428,0.733,2352,107,45,14,28,10,0.279787234,0,0,2019,mlb
Washington Nationals,WSN,28.8,5.39,162,6267,5512,873,1460,298,27,231,824,116,29,584,1308,0.265,0.342,0.454,0.796,2505,117,81,48,42,33,0.306102117,0,0,2019,mlb
Arizona Diamondbacks,ARI,29.2,4.28,162,6157,5460,693,1283,259,50,176,658,79,25,560,1460,0.235,0.31,0.397,0.707,2170,110,52,38,45,36,0.286120445,,,2018,mlb
Atlanta Braves,ATL,27.3,4.69,162,6251,5582,759,1433,314,29,175,717,90,36,511,1290,0.257,0.324,0.417,0.742,2330,99,66,49,43,53,0.302403846,,,2018,mlb
Baltimore Orioles,BAL,28.4,3.84,162,6034,5507,622,1317,242,15,188,593,81,22,422,1412,0.239,0.298,0.391,0.689,2153,132,57,13,35,19,0.286402841,,,2018,mlb
Boston Red Sox,BOS,27.7,5.41,162,6302,5623,876,1509,355,31,208,829,125,31,569,1253,0.268,0.339,0.453,0.792,2550,130,55,7,48,38,0.309026128,,,2018,mlb
Chicago Cubs,CHC,27.2,4.67,163,6369,5624,761,1453,286,34,167,722,66,38,576,1388,0.258,0.333,0.41,0.744,2308,107,78,40,46,67,0.312515188,,,2018,mlb
Chicago White Sox,CHW,26.5,4.05,162,6071,5523,656,1332,259,40,182,639,98,41,425,1594,0.241,0.302,0.401,0.703,2217,99,66,24,32,18,0.30431331,,,2018,mlb
Cincinnati Reds,CIN,27.2,4.3,162,6240,5532,696,1404,251,25,172,665,77,33,559,1376,0.254,0.328,0.401,0.729,2221,128,65,49,35,35,0.306543916,,,2018,mlb
Cleveland Indians,CLE,29.4,5.05,162,6300,5595,818,1447,297,19,216,786,135,36,554,1189,0.259,0.332,0.434,0.766,2430,98,80,25,44,32,0.290741615,,,2018,mlb
Colorado Rockies,COL,28.7,4.79,163,6178,5541,780,1418,280,42,210,748,95,33,507,1397,0.256,0.322,0.435,0.757,2412,114,51,42,37,38,0.30420549,,,2018,mlb
Detroit Tigers,DET,27.9,3.89,162,6029,5494,630,1326,284,35,135,597,70,30,428,1341,0.241,0.3,0.38,0.68,2085,110,52,15,40,18,0.293494332,,,2018,mlb
Houston Astros,HOU,28.2,4.92,162,6146,5453,797,1390,278,18,205,763,71,26,565,1197,0.255,0.329,0.425,0.754,2319,156,61,14,45,19,0.289306641,,,2018,mlb
Kansas City Royals,KCR,28.6,3.94,162,6063,5505,638,1350,283,29,155,606,117,38,427,1310,0.245,0.305,0.392,0.697,2156,123,67,24,40,13,0.292892157,,,2018,mlb
Los Angeles Angels,LAA,29.6,4.45,162,6108,5472,721,1323,249,23,214,690,89,22,514,1300,0.242,0.313,0.413,0.726,2260,111,73,7,39,38,0.277458094,,,2018,mlb
Los Angeles Dodgers,LAD,28.1,4.93,163,6358,5572,804,1394,296,33,235,756,75,24,647,1436,0.25,0.333,0.442,0.774,2461,119,61,39,39,47,0.294162437,,,2018,mlb
Miami Marlins,MIA,27.5,3.66,161,6083,5488,589,1303,222,24,128,554,45,31,455,1384,0.237,0.303,0.357,0.659,1957,119,73,32,31,26,0.293236836,,,2018,mlb
Milwaukee Brewers,MIL,28.8,4.63,163,6210,5542,754,1398,252,24,218,711,124,32,537,1458,0.252,0.323,0.424,0.747,2352,128,58,29,41,32,0.302022012,,,2018,mlb
Minnesota Twins,MIN,28.2,4.56,162,6154,5526,738,1379,317,22,166,704,47,27,534,1328,0.25,0.318,0.405,0.723,2238,89,37,19,38,25,0.298034398,,,2018,mlb
New York Mets,NYM,28.3,4.17,162,6177,5468,676,1282,265,34,170,649,71,39,566,1404,0.234,0.312,0.389,0.701,2125,116,73,28,42,36,0.282520325,,,2018,mlb
New York Yankees,NYY,27.2,5.25,162,6271,5515,851,1374,269,23,267,821,63,21,625,1421,0.249,0.329,0.451,0.781,2490,107,62,10,59,21,0.28486876,,,2018,mlb
Oakland Athletics,OAK,28,5.02,162,6255,5579,813,1407,322,20,227,778,35,21,550,1381,0.252,0.325,0.439,0.764,2450,136,76,6,44,18,0.293897883,,,2018,mlb
Philadelphia Phillies,PHI,26.7,4.18,162,6136,5424,677,1270,241,30,186,653,69,26,582,1520,0.234,0.314,0.393,0.707,2129,102,64,32,32,33,0.289066667,,,2018,mlb
Pittsburgh Pirates,PIT,27.8,4.3,161,6066,5447,692,1381,290,38,157,665,70,38,474,1229,0.254,0.317,0.407,0.725,2218,121,59,31,52,38,0.297592998,,,2018,mlb
San Diego Padres,SDP,26.8,3.81,162,6059,5486,617,1289,250,30,162,583,95,36,471,1523,0.235,0.297,0.38,0.677,2085,122,31,35,36,28,0.293719051,,,2018,mlb
Seattle Mariners,SEA,29.8,4.18,162,6087,5513,677,1402,256,32,176,644,79,37,430,1221,0.254,0.314,0.408,0.722,2250,128,70,29,41,17,0.294924224,,,2018,mlb
San Francisco Giants,SFG,29.8,3.72,162,6113,5541,603,1324,255,30,133,573,77,34,448,1467,0.239,0.3,0.368,0.667,2038,113,49,33,42,40,0.299020839,,,2018,mlb
St. Louis Cardinals,STL,28,4.69,162,6200,5498,759,1369,248,9,205,725,63,32,525,1380,0.249,0.321,0.409,0.73,2250,92,80,46,48,40,0.293865186,,,2018,mlb
Tampa Bay Rays,TBR,27.1,4.42,162,6195,5475,716,1415,274,43,150,664,128,51,540,1388,0.258,0.333,0.406,0.74,2225,122,101,28,50,17,0.317281164,,,2018,mlb
Texas Rangers,TEX,27.4,4.55,162,6163,5453,737,1308,266,24,194,696,74,35,555,1484,0.24,0.318,0.404,0.722,2204,104,88,33,34,16,0.292465214,,,2018,mlb
Toronto Blue Jays,TOR,28.9,4.38,162,6076,5477,709,1336,320,16,217,680,47,30,499,1387,0.244,0.312,0.427,0.739,2339,118,58,5,37,15,0.286189258,,,2018,mlb
Washington Nationals,WSN,27.6,4.76,162,6288,5517,771,1402,284,25,191,737,119,33,631,1289,0.254,0.335,0.419,0.753,2309,104,59,41,40,56,0.297032131,,,2018,mlb
Jackson Generals,ARI,25.8,4.51,139,5312,4704,627,1233,240,38,83,560,122,54,464,1123,0.262,0.336,0.382,0.719,1798,88,79,32,33,19,0.325686774,,,2018,aa
Mississippi Braves,ATL,23.8,3.92,138,4893,4396,541,1054,209,33,74,488,73,31,390,1185,0.24,0.308,0.353,0.66,1551,94,51,32,24,22,0.310028472,,,2018,aa
Bowie Baysox,BAL,24.7,4.7,138,5156,4651,649,1224,231,29,135,606,72,30,405,917,0.263,0.325,0.412,0.737,1918,97,39,15,46,10,0.298765432,,,2018,aa
Portland Sea Dogs,BOS,24.5,4.45,139,5207,4615,618,1174,224,25,116,571,85,43,466,1200,0.254,0.329,0.389,0.718,1796,90,66,19,41,6,0.316766467,,,2018,aa
Tennessee Smokies,CHC,24,4.07,138,5100,4463,562,1025,224,21,111,514,108,39,516,1187,0.23,0.315,0.364,0.678,1624,102,52,35,34,22,0.285714286,,,2018,aa
Birmingham Barons,CHW,23.7,4.14,138,5106,4471,572,1068,209,25,119,543,82,43,482,1346,0.239,0.319,0.377,0.696,1684,84,71,30,52,5,0.310333551,,,2018,aa
Pensacola Blue Wahoos,CIN,23.5,4.18,137,5035,4478,572,1071,203,37,106,516,102,45,438,1248,0.239,0.313,0.372,0.685,1666,102,58,28,33,15,0.30566994,,,2018,aa
Akron RubberDucks,CLE,23.9,4.75,140,5291,4620,665,1155,245,34,110,618,132,49,506,1093,0.25,0.332,0.389,0.721,1798,92,84,29,52,14,0.30123955,,,2018,aa
Hartford Yard Goats,COL,23.9,4,137,4996,4459,548,1094,224,23,117,494,146,61,405,1121,0.245,0.312,0.385,0.696,1715,92,40,57,35,11,0.300061425,,,2018,aa
Erie SeaWolves,DET,23.7,4.62,140,5254,4617,647,1212,205,38,92,581,118,62,488,1187,0.263,0.335,0.383,0.718,1769,89,45,42,62,15,0.329411765,,,2018,aa
Corpus Christi Hooks,HOU,23.6,4.8,138,5213,4640,662,1245,250,36,106,617,181,77,448,1080,0.268,0.339,0.406,0.745,1885,88,70,11,44,11,0.325614637,,,2018,aa
Northwest Arkansas Naturals,KCR,23.9,4.71,140,5203,4693,660,1252,224,44,106,594,167,71,373,1044,0.267,0.325,0.401,0.726,1882,73,51,53,33,12,0.320469799,,,2018,aa
Mobile BayBears,LAA,23.5,4.73,136,5020,4403,643,1126,217,36,101,588,127,59,527,1102,0.256,0.34,0.39,0.73,1718,111,52,7,31,13,0.317239245,,,2018,aa
Tulsa Drillers,LAD,23.6,4.94,139,5286,4671,687,1201,223,25,184,641,84,39,460,1268,0.257,0.334,0.434,0.768,2026,94,99,18,38,11,0.312250537,,,2018,aa
Jacksonville Jumbo Shrimp,MIA,24,3.82,137,5020,4429,524,1040,199,23,104,471,125,45,445,1308,0.235,0.312,0.361,0.673,1597,87,66,52,28,12,0.307389163,,,2018,aa
Biloxi Shuckers,MIL,23.5,4.15,140,5115,4489,581,1083,216,28,145,535,129,33,490,1164,0.241,0.322,0.399,0.721,1790,108,65,28,43,20,0.291033199,,,2018,aa
Chattanooga Lookouts,MIN,24.3,4.39,137,5092,4540,601,1157,217,32,107,560,64,30,440,1064,0.255,0.326,0.387,0.714,1759,106,61,11,40,13,0.308008214,,,2018,aa
Binghamton Rumble Ponies,NYM,25.4,4.24,140,5198,4563,593,1140,226,24,114,548,65,37,499,1080,0.25,0.332,0.385,0.716,1756,93,76,24,36,12,0.301321586,,,2018,aa
Trenton Thunder,NYY,24.1,4.11,140,5168,4563,575,1124,227,26,102,525,91,45,498,1158,0.246,0.325,0.375,0.699,1709,107,47,24,36,9,0.306079665,,,2018,aa
Midland RockHounds,OAK,24.1,4.63,139,5296,4704,643,1240,274,38,96,588,124,54,462,1152,0.264,0.334,0.399,0.733,1878,77,56,24,50,14,0.326297775,,,2018,aa
Reading Fightin Phils,PHI,23.5,4.38,137,5032,4476,600,1104,188,17,141,562,62,33,417,1158,0.247,0.317,0.391,0.708,1749,121,65,28,46,13,0.298789947,,,2018,aa
Altoona Curve,PIT,23.4,4.44,138,5107,4477,613,1142,202,38,93,568,110,54,467,1020,0.255,0.332,0.38,0.711,1699,93,74,35,54,16,0.306904623,,,2018,aa
San Antonio Missions,SDP,23.2,4.38,138,5170,4600,604,1176,206,23,130,551,98,49,445,1138,0.256,0.33,0.395,0.725,1818,112,75,25,25,20,0.311587727,,,2018,aa
Arkansas Travelers,SEA,24.9,4.68,139,5350,4668,651,1230,233,14,85,604,40,15,556,1004,0.264,0.346,0.374,0.72,1746,124,61,15,50,17,0.315513916,,,2018,aa
Richmond Flying Squirrels,SFG,25.4,3.79,139,4924,4403,527,1056,240,30,97,500,83,48,409,1041,0.24,0.306,0.374,0.68,1647,98,33,32,47,9,0.28955314,,,2018,aa
Springfield Cardinals,STL,23.5,4.46,139,5193,4692,620,1218,205,21,149,592,69,36,378,1059,0.26,0.319,0.408,0.727,1912,101,53,30,40,7,0.303348468,,,2018,aa
Montgomery Biscuits,TBR,23.3,4.99,140,5368,4730,699,1217,239,45,106,655,159,56,502,1034,0.257,0.333,0.394,0.728,1864,85,65,17,54,11,0.304884742,,,2018,aa
Frisco RoughRiders,TEX,24.3,4.14,140,5205,4694,579,1194,210,23,105,540,102,42,402,1033,0.254,0.316,0.376,0.692,1765,117,45,18,46,10,0.302332038,,,2018,aa
New Hampshire Fisher Cats,TOR,23.8,5.08,139,5269,4648,706,1263,270,37,126,650,153,63,475,1033,0.272,0.345,0.427,0.772,1985,75,72,18,56,16,0.320733427,,,2018,aa
Harrisburg Senators,WSN,25,4.47,137,5161,4536,613,1129,205,38,108,568,76,33,510,1138,0.249,0.33,0.382,0.712,1734,83,55,25,35,11,0.307067669,,,2018,aa
Arizona Diamondbacks,ARI,28.3,5.01,162,6224,5525,812,1405,314,39,220,776,103,30,578,1456,0.254,0.329,0.445,0.774,2457,106,54,39,27,44,0.305727554,,,2017,mlb
Atlanta Braves,ATL,28.7,4.52,162,6216,5584,732,1467,289,26,165,706,77,31,474,1184,0.263,0.326,0.412,0.738,2303,137,66,59,32,57,0.305132412,,,2017,mlb
Baltimore Orioles,BAL,28.6,4.59,162,6140,5650,743,1469,269,12,232,713,32,13,392,1412,0.26,0.312,0.435,0.747,2458,138,50,10,37,12,0.30596092,,,2017,mlb
Boston Red Sox,BOS,27.3,4.85,162,6338,5669,785,1461,302,19,168,735,106,31,571,1224,0.258,0.329,0.407,0.736,2305,141,53,9,36,48,0.299791329,,,2017,mlb
Chicago Cubs,CHC,27.1,5.07,162,6283,5496,822,1402,274,29,223,785,62,31,622,1401,0.255,0.338,0.437,0.775,2403,134,82,48,32,54,0.301997951,,,2017,mlb
Chicago White Sox,CHW,26.7,4.36,162,6059,5513,706,1412,256,37,186,670,71,31,401,1397,0.256,0.314,0.417,0.731,2300,124,76,35,33,17,0.309361595,,,2017,mlb
Cincinnati Reds,CIN,27.1,4.65,162,6213,5484,753,1390,249,38,219,715,120,39,565,1329,0.253,0.329,0.433,0.761,2372,116,72,50,42,41,0.29436903,,,2017,mlb
Cleveland Indians,CLE,28,5.05,162,6234,5511,818,1449,333,29,212,780,88,23,604,1153,0.263,0.339,0.449,0.788,2476,125,50,23,45,30,0.295156287,,,2017,mlb
Colorado Rockies,COL,28.3,5.09,162,6201,5534,824,1510,293,38,192,793,59,34,519,1408,0.273,0.338,0.444,0.781,2455,143,44,62,41,46,0.331572327,,,2017,mlb
Detroit Tigers,DET,29.6,4.54,162,6150,5556,735,1435,289,35,187,699,65,34,503,1313,0.258,0.324,0.424,0.748,2355,128,52,11,27,21,0.305657605,,,2017,mlb
Houston Astros,HOU,28.8,5.53,162,6271,5611,896,1581,346,20,238,854,98,42,509,1087,0.282,0.346,0.478,0.823,2681,139,70,11,61,27,0.3089487,,,2017,mlb
Kansas City Royals,KCR,28.9,4.33,162,6027,5536,702,1436,260,24,193,660,91,31,390,1166,0.259,0.311,0.42,0.731,2323,160,45,17,37,19,0.29496915,,,2017,mlb
Los Angeles Angels,LAA,30,4.38,162,6073,5415,710,1314,251,14,186,678,136,44,523,1198,0.243,0.315,0.397,0.712,2151,141,70,17,46,30,0.276674025,,,2017,mlb
Los Angeles Dodgers,LAD,27.9,4.75,162,6191,5408,770,1347,312,20,221,730,77,28,649,1380,0.249,0.334,0.437,0.771,2362,119,64,31,38,41,0.292847854,,,2017,mlb
Miami Marlins,MIA,28.4,4.8,162,6248,5602,778,1497,271,31,194,743,91,30,486,1282,0.267,0.331,0.431,0.761,2412,119,67,50,41,48,0.312694984,,,2017,mlb
Milwaukee Brewers,MIL,27.4,4.52,162,6135,5467,732,1363,267,22,224,695,128,41,547,1571,0.249,0.322,0.429,0.751,2346,116,53,42,26,34,0.308004327,,,2017,mlb
Minnesota Twins,MIN,27,5.03,162,6261,5557,815,1444,286,31,206,781,95,28,593,1342,0.26,0.334,0.434,0.768,2410,105,46,26,39,26,0.30583004,,,2017,mlb
New York Mets,NYM,28.8,4.54,162,6169,5510,735,1379,286,28,224,713,58,23,529,1291,0.25,0.32,0.434,0.755,2393,118,57,36,37,31,0.286458333,,,2017,mlb
New York Yankees,NYY,28.6,5.3,162,6354,5594,858,1463,266,23,241,821,90,22,616,1386,0.262,0.339,0.447,0.785,2498,119,64,18,56,22,0.303753418,,,2017,mlb
Oakland Athletics,OAK,28.7,4.56,162,6126,5464,739,1344,305,15,234,708,57,22,565,1491,0.246,0.319,0.436,0.755,2381,129,43,13,40,15,0.2937285,,,2017,mlb
Philadelphia Phillies,PHI,26.6,4.26,162,6133,5535,690,1382,287,36,174,654,59,25,494,1417,0.25,0.315,0.409,0.723,2263,128,47,21,36,25,0.303517588,,,2017,mlb
Pittsburgh Pirates,PIT,28.2,4.12,162,6136,5458,668,1331,249,36,151,635,67,36,519,1213,0.244,0.318,0.386,0.704,2105,120,88,42,28,39,0.286268802,,,2017,mlb
San Diego Padres,SDP,26.2,3.73,162,5954,5356,604,1251,227,31,189,576,89,33,460,1499,0.234,0.299,0.393,0.692,2107,99,53,52,33,20,0.286949473,,,2017,mlb
Seattle Mariners,SEA,29.5,4.63,162,6166,5551,750,1436,281,17,200,714,89,35,487,1267,0.259,0.325,0.424,0.749,2351,131,78,14,35,31,0.300072833,,,2017,mlb
San Francisco Giants,SFG,29.5,3.94,162,6137,5551,639,1382,290,28,128,612,76,34,467,1204,0.249,0.309,0.38,0.689,2112,136,36,31,52,37,0.293608054,,,2017,mlb
St. Louis Cardinals,STL,28,4.7,162,6219,5470,761,1402,284,28,196,728,81,31,593,1348,0.256,0.334,0.426,0.76,2330,139,65,47,44,36,0.303778338,,,2017,mlb
Tampa Bay Rays,TBR,28.3,4.28,162,6147,5478,694,1340,226,32,228,671,88,34,545,1538,0.245,0.317,0.422,0.739,2314,115,55,16,48,33,0.295744681,,,2017,mlb
Texas Rangers,TEX,28.3,4.93,162,6122,5430,799,1326,255,21,237,756,113,44,544,1493,0.244,0.32,0.43,0.75,2334,110,81,27,39,18,0.291254346,,,2017,mlb
Toronto Blue Jays,TOR,30.9,4.28,162,6154,5499,693,1320,269,5,222,661,53,24,542,1327,0.24,0.312,0.412,0.724,2265,153,51,25,35,12,0.27553325,,,2017,mlb
Washington Nationals,WSN,29.2,5.06,162,6214,5553,819,1477,311,31,215,796,108,30,542,1327,0.266,0.332,0.449,0.782,2495,116,31,43,45,56,0.311143984,,,2017,mlb
Jackson Generals,ARI,24.8,4.47,140,5303,4694,626,1246,280,26,118,584,69,33,471,1037,0.265,0.336,0.412,0.748,1932,106,54,32,52,16,0.31411863,,,2017,aa
Mississippi Braves,ATL,23.3,3.61,138,5054,4517,498,1052,191,27,98,462,70,47,405,1170,0.233,0.301,0.352,0.653,1591,88,49,48,35,15,0.290499391,,,2017,aa
Bowie Baysox,BAL,24.5,4.98,140,5370,4816,697,1361,268,21,143,661,68,36,429,940,0.283,0.345,0.436,0.781,2100,121,49,32,44,15,0.322478157,,,2017,aa
Portland Sea Dogs,BOS,24.3,4.45,139,5075,4549,619,1202,239,18,126,578,62,38,413,1050,0.264,0.331,0.408,0.739,1855,96,53,33,27,13,0.316470588,,,2017,aa
Tennessee Smokies,CHC,23.6,3.98,138,5015,4438,549,1081,211,21,114,497,44,37,439,1088,0.244,0.32,0.378,0.698,1676,98,76,33,29,18,0.296171516,,,2017,aa
Birmingham Barons,CHW,24,3.36,138,4999,4455,463,1034,188,20,96,428,63,37,424,1138,0.232,0.304,0.348,0.651,1550,83,46,43,31,11,0.288437884,,,2017,aa
Pensacola Blue Wahoos,CIN,23.6,3.59,140,5082,4485,502,1029,222,26,82,462,78,37,485,1116,0.229,0.31,0.345,0.655,1549,100,49,36,27,27,0.285757393,,,2017,aa
Akron RubberDucks,CLE,23.3,4.44,140,5143,4507,621,1132,227,26,144,589,115,47,482,1147,0.251,0.33,0.409,0.738,1843,76,70,33,51,10,0.302418121,,,2017,aa
Hartford Yard Goats,COL,24,3.95,139,5086,4506,549,1107,210,31,112,515,111,82,439,1145,0.246,0.319,0.381,0.7,1715,74,61,55,25,22,0.303909591,,,2017,aa
Erie SeaWolves,DET,24.5,4.39,140,5218,4666,614,1218,236,29,146,573,86,39,429,1059,0.261,0.327,0.418,0.744,1950,94,49,24,50,6,0.305326118,,,2017,aa
Corpus Christi Hooks,HOU,23.5,4.25,138,5151,4548,586,1099,203,19,143,542,105,40,507,1149,0.242,0.324,0.389,0.713,1769,99,57,15,24,15,0.291463415,,,2017,aa
Northwest Arkansas Naturals,KCR,23.6,3.89,140,5215,4782,544,1244,189,24,80,506,119,45,310,1051,0.26,0.312,0.36,0.672,1721,94,63,32,28,15,0.316390323,,,2017,aa
Mobile BayBears,LAA,23.9,3.83,139,5141,4515,532,1102,196,22,72,482,136,85,477,1009,0.244,0.323,0.345,0.668,1558,90,66,42,41,17,0.296402878,,,2017,aa
Tulsa Drillers,LAD,24.6,4.8,140,5333,4786,672,1288,245,18,168,631,97,36,408,1125,0.269,0.335,0.433,0.768,2073,102,84,18,37,20,0.317280453,,,2017,aa
Jacksonville Jumbo Shrimp,MIA,25.5,3.64,140,5068,4438,510,1076,197,34,86,470,59,25,476,1152,0.243,0.321,0.36,0.682,1599,96,55,67,32,15,0.306311881,,,2017,aa
Biloxi Shuckers,MIL,24,3.7,137,5016,4490,507,1056,211,20,96,470,142,56,391,1110,0.235,0.305,0.355,0.66,1595,101,73,35,27,16,0.289942616,,,2017,aa
Chattanooga Lookouts,MIN,24.9,4.71,140,5416,4659,659,1190,242,32,90,615,67,33,610,1171,0.255,0.347,0.379,0.726,1766,128,74,16,57,23,0.318379161,,,2017,aa
Binghamton Rumble Ponies,NYM,24.7,4.19,139,5082,4457,582,1159,222,20,66,540,111,45,503,918,0.26,0.337,0.363,0.7,1619,110,40,35,47,15,0.310511364,,,2017,aa
Trenton Thunder,NYY,23.4,4.71,140,5179,4560,659,1202,237,44,103,616,79,43,492,935,0.264,0.339,0.403,0.741,1836,111,51,28,48,7,0.307843137,,,2017,aa
Midland RockHounds,OAK,24.4,4.84,138,5325,4733,668,1310,247,39,84,601,108,43,471,1013,0.277,0.346,0.399,0.744,1887,135,54,16,51,10,0.332519664,,,2017,aa
Reading Fightin Phils,PHI,23.5,4.59,140,5242,4700,642,1226,240,30,153,590,87,36,423,1080,0.261,0.326,0.422,0.749,1985,97,52,29,38,11,0.306134094,,,2017,aa
Altoona Curve,PIT,23.6,4.17,140,5269,4666,584,1192,223,37,99,540,83,49,454,931,0.256,0.327,0.383,0.71,1786,97,63,48,38,23,0.297495917,,,2017,aa
San Antonio Missions,SDP,23.3,4.27,140,5224,4675,598,1183,218,21,100,552,59,41,431,1067,0.253,0.323,0.373,0.695,1743,149,64,23,31,19,0.306018649,,,2017,aa
Arkansas Travelers,SEA,25.3,4.34,140,5298,4719,607,1237,222,17,80,562,88,25,458,1040,0.262,0.334,0.367,0.701,1733,119,66,17,38,9,0.318119329,,,2017,aa
Richmond Flying Squirrels,SFG,25.7,3.74,140,5103,4591,523,1148,238,33,93,485,41,31,399,971,0.25,0.313,0.377,0.69,1731,114,41,36,36,13,0.296098793,,,2017,aa
Springfield Cardinals,STL,23.8,4.53,140,5285,4689,634,1236,244,21,117,588,120,54,464,1090,0.264,0.335,0.399,0.734,1873,102,62,23,47,14,0.317086993,,,2017,aa
Montgomery Biscuits,TBR,23.1,4.62,140,5380,4729,647,1245,270,43,84,588,159,67,522,1083,0.263,0.339,0.392,0.731,1853,86,49,30,50,14,0.321428571,,,2017,aa
Frisco RoughRiders,TEX,23.7,3.89,140,5256,4799,545,1198,217,27,103,494,83,44,353,966,0.25,0.307,0.371,0.678,1778,122,58,15,31,3,0.291145972,,,2017,aa
New Hampshire Fisher Cats,TOR,23.4,4.06,139,5059,4460,564,1139,230,22,89,512,97,52,464,953,0.255,0.331,0.377,0.707,1680,119,59,30,46,13,0.303117783,,,2017,aa
Harrisburg Senators,WSN,25.7,4.2,140,5211,4614,588,1189,225,21,109,538,67,31,468,1082,0.258,0.33,0.386,0.716,1783,104,44,54,31,9,0.31268095,,,2017,aa
Arizona Diamondbacks,ARI,26.7,4.64,162,6260,5665,752,1479,285,56,190,709,137,31,463,1427,0.261,0.32,0.432,0.752,2446,117,50,43,38,43,0.31546745,,,2016,mlb
Atlanta Braves,ATL,28.9,4.03,161,6192,5514,649,1404,295,27,122,615,75,34,502,1240,0.255,0.321,0.384,0.705,2119,145,59,64,52,60,0.304947669,,,2016,mlb
Baltimore Orioles,BAL,28.5,4.59,162,6089,5524,744,1413,265,6,253,710,19,13,468,1324,0.256,0.317,0.443,0.76,2449,119,44,17,36,19,0.29123776,,,2016,mlb
Boston Red Sox,BOS,28.5,5.42,162,6320,5670,878,1598,343,25,208,836,83,24,558,1160,0.282,0.348,0.461,0.81,2615,137,43,8,40,34,0.320128973,,,2016,mlb
Chicago Cubs,CHC,27.4,4.99,162,6335,5503,808,1409,293,30,199,767,66,34,656,1339,0.256,0.343,0.429,0.772,2359,107,96,42,37,45,0.302348826,,,2016,mlb
Chicago White Sox,CHW,28.3,4.23,162,6131,5550,686,1428,277,33,168,656,77,36,455,1285,0.257,0.317,0.41,0.727,2275,122,53,29,44,16,0.30427433,,,2016,mlb
Cincinnati Reds,CIN,27.8,4.42,162,6094,5487,716,1403,277,33,164,678,139,51,452,1284,0.256,0.316,0.408,0.724,2238,129,52,58,44,37,0.303453343,,,2016,mlb
Cleveland Indians,CLE,29,4.83,161,6155,5484,777,1435,308,29,185,733,134,31,531,1246,0.262,0.329,0.43,0.759,2356,137,49,31,60,16,0.303914418,,,2016,mlb
Colorado Rockies,COL,27.8,5.22,162,6236,5614,845,1544,318,47,204,805,66,39,494,1330,0.275,0.336,0.457,0.794,2568,113,40,54,34,35,0.325717064,,,2016,mlb
Detroit Tigers,DET,29.9,4.66,161,6127,5526,750,1476,252,30,211,719,58,29,493,1303,0.267,0.331,0.438,0.769,2421,135,53,17,38,32,0.312345679,,,2016,mlb
Houston Astros,HOU,26.4,4.47,162,6204,5545,724,1367,291,29,198,689,102,44,554,1452,0.247,0.319,0.417,0.735,2310,134,47,27,31,31,0.297758533,,,2016,mlb
Kansas City Royals,KCR,28.5,4.17,162,6052,5552,675,1450,264,33,147,640,121,35,382,1224,0.261,0.312,0.4,0.712,2221,134,45,38,34,23,0.309134045,,,2016,mlb
Los Angeles Angels,LAA,28.5,4.43,162,6041,5431,717,1410,279,20,156,686,73,34,471,991,0.26,0.322,0.405,0.726,2197,147,51,36,49,21,0.289406877,,,2016,mlb
Los Angeles Dodgers,LAD,28.9,4.48,162,6164,5518,725,1376,272,21,189,680,45,26,525,1321,0.249,0.319,0.409,0.728,2257,120,58,30,32,31,0.293811881,,,2016,mlb
Miami Marlins,MIA,28.3,4.07,161,6134,5547,655,1460,259,42,128,626,71,28,447,1213,0.263,0.322,0.394,0.716,2187,140,54,46,38,40,0.313854854,,,2016,mlb
Milwaukee Brewers,MIL,27.5,4.14,162,6061,5330,671,1299,249,19,194,641,181,56,599,1543,0.244,0.322,0.407,0.729,2168,131,37,53,39,34,0.304240088,,,2016,mlb
Minnesota Twins,MIN,26.9,4.46,162,6245,5618,722,1409,288,35,200,690,91,32,513,1426,0.251,0.316,0.421,0.738,2367,96,44,27,43,24,0.299628253,,,2016,mlb
New York Mets,NYM,29.5,4.14,162,6115,5459,671,1342,240,19,218,649,42,18,517,1302,0.246,0.316,0.417,0.733,2274,123,62,35,41,43,0.28241206,,,2016,mlb
New York Yankees,NYY,30.1,4.2,162,6059,5458,680,1378,245,20,183,647,72,22,475,1188,0.252,0.315,0.405,0.72,2212,121,42,21,49,19,0.288926499,,,2016,mlb
Oakland Athletics,OAK,28.7,4.03,162,6022,5500,653,1352,270,21,169,634,50,23,442,1145,0.246,0.304,0.395,0.699,2171,142,33,13,34,19,0.280331754,,,2016,mlb
Philadelphia Phillies,PHI,26.9,3.77,162,5992,5434,610,1305,231,35,161,574,96,45,424,1376,0.24,0.301,0.384,0.685,2089,112,58,46,30,33,0.291316527,,,2016,mlb
Pittsburgh Pirates,PIT,28.9,4.5,162,6261,5542,729,1426,277,32,153,696,110,45,561,1334,0.257,0.332,0.402,0.734,2226,133,81,41,36,39,0.311170863,,,2016,mlb
San Diego Padres,SDP,28.1,4.23,162,6001,5419,686,1275,257,26,177,654,125,45,449,1500,0.235,0.299,0.39,0.689,2115,93,58,36,36,30,0.290629963,,,2016,mlb
Seattle Mariners,SEA,30.5,4.74,162,6227,5583,768,1446,251,17,223,735,56,28,506,1288,0.259,0.326,0.43,0.756,2400,138,72,24,41,29,0.297349866,,,2016,mlb
San Francisco Giants,SFG,29.2,4.41,162,6271,5565,715,1437,280,54,130,675,79,36,572,1107,0.258,0.329,0.398,0.728,2215,120,42,42,46,43,0.298811157,,,2016,mlb
St. Louis Cardinals,STL,28.5,4.81,162,6223,5548,779,1415,299,32,225,745,35,26,526,1318,0.255,0.325,0.442,0.767,2453,117,70,37,41,28,0.294117647,,,2016,mlb
Tampa Bay Rays,TBR,27.7,4.15,162,6046,5481,672,1333,288,32,216,647,60,37,449,1482,0.243,0.307,0.426,0.733,2333,88,69,18,28,20,0.293098924,,,2016,mlb
Texas Rangers,TEX,28.4,4.72,162,6089,5525,765,1446,257,23,215,746,99,36,436,1220,0.262,0.322,0.433,0.755,2394,114,70,18,40,23,0.298062954,,,2016,mlb
Toronto Blue Jays,TOR,30,4.69,162,6233,5479,759,1358,276,18,221,728,54,24,632,1362,0.248,0.33,0.426,0.755,2333,153,55,26,40,16,0.288871951,,,2016,mlb
Washington Nationals,WSN,28.8,4.71,162,6201,5490,763,1403,268,29,203,735,121,39,536,1252,0.256,0.326,0.426,0.751,2338,102,64,48,63,49,0.292825769,,,2016,mlb
Mobile BayBears,ARI,24.1,4.05,138,5032,4517,559,1126,221,24,109,524,70,42,391,969,0.249,0.314,0.381,0.696,1722,96,55,32,37,7,0.292577675,,,2016,aa
Mississippi Braves,ATL,23.4,3.7,138,5211,4704,510,1177,211,44,71,472,76,42,369,1118,0.25,0.309,0.359,0.668,1689,101,49,54,35,11,0.311549296,,,2016,aa
Bowie Baysox,BAL,25.7,4.28,142,5350,4771,608,1245,212,31,108,562,73,43,471,1010,0.261,0.329,0.386,0.715,1843,124,32,32,44,7,0.307546659,,,2016,aa
Portland Sea Dogs,BOS,24.6,4.17,139,5085,4580,579,1200,236,47,94,539,73,65,394,926,0.262,0.323,0.396,0.718,1812,109,36,30,45,10,0.306796117,,,2016,aa
Tennessee Smokies,CHC,23.6,4.17,139,5224,4609,579,1184,249,20,80,528,84,40,482,958,0.257,0.332,0.372,0.704,1713,121,60,30,43,6,0.305478694,,,2016,aa
Birmingham Barons,CHW,24.1,4.04,140,5298,4688,566,1130,225,39,80,520,86,30,461,1195,0.241,0.314,0.357,0.671,1673,83,57,57,35,6,0.304524362,,,2016,aa
Pensacola Blue Wahoos,CIN,24.4,4,140,5246,4624,560,1111,212,25,89,496,114,33,456,1229,0.24,0.316,0.355,0.67,1640,78,72,52,42,8,0.30525687,,,2016,aa
Akron RubberDucks,CLE,23.7,4.57,141,5357,4702,644,1138,256,37,132,603,134,55,507,1281,0.242,0.324,0.396,0.721,1864,96,81,32,35,6,0.302647413,,,2016,aa
Hartford Yard Goats,COL,23.5,4.09,141,5152,4608,577,1212,259,27,74,536,145,85,380,1047,0.263,0.323,0.379,0.702,1747,73,47,80,37,12,0.32292849,,,2016,aa
Erie SeaWolves,DET,25.4,4.38,141,5316,4737,618,1253,231,39,119,588,98,53,439,980,0.265,0.333,0.405,0.738,1919,106,69,30,41,7,0.308235934,,,2016,aa
Corpus Christi Hooks,HOU,23.5,4.47,140,5368,4750,626,1177,235,25,142,579,109,51,503,1071,0.248,0.324,0.398,0.722,1888,102,49,33,33,15,0.289915966,,,2016,aa
Northwest Arkansas Naturals,KCR,23.4,3.94,140,5229,4719,552,1195,232,18,101,498,157,48,359,1106,0.253,0.311,0.374,0.686,1766,92,56,57,38,13,0.308169014,,,2016,aa
Arkansas Travelers,LAA,24.3,3.64,140,5089,4538,509,1095,194,35,71,458,110,84,406,1199,0.241,0.31,0.346,0.656,1572,87,61,45,39,14,0.309646205,,,2016,aa
Tulsa Drillers,LAD,23.5,4.42,139,5214,4652,615,1189,242,18,133,573,65,33,443,916,0.256,0.325,0.401,0.726,1866,109,55,23,41,18,0.289791438,,,2016,aa
Jacksonville Suns,MIA,25.1,3.87,139,5114,4510,538,1121,180,30,69,491,82,43,472,975,0.249,0.325,0.348,0.672,1568,113,52,46,34,13,0.300571429,,,2016,aa
Biloxi Shuckers,MIL,23.7,3.39,139,4987,4454,471,1048,167,24,81,437,88,44,390,1063,0.235,0.304,0.338,0.642,1506,106,59,57,27,6,0.289781241,,,2016,aa
Chattanooga Lookouts,MIN,24.4,4.5,140,5325,4697,630,1206,211,45,72,572,145,60,473,1045,0.257,0.331,0.367,0.698,1723,104,68,43,44,4,0.312913907,,,2016,aa
Binghamton Mets,NYM,24.5,4.08,140,5310,4724,571,1239,240,26,69,515,72,42,478,1030,0.262,0.332,0.368,0.7,1738,116,38,31,39,12,0.319323144,,,2016,aa
Trenton Thunder,NYY,23.2,4.3,142,5256,4668,611,1194,238,45,82,578,120,52,475,1014,0.256,0.328,0.379,0.706,1768,88,46,20,47,9,0.307267201,,,2016,aa
Midland RockHounds,OAK,24.2,4.58,140,5340,4763,641,1238,248,31,106,587,110,55,494,1132,0.26,0.333,0.392,0.724,1866,114,36,22,25,13,0.318873239,,,2016,aa
Reading Fightin Phils,PHI,24.5,5.6,141,5507,4854,790,1309,270,26,185,747,91,35,515,1181,0.27,0.344,0.45,0.795,2186,94,60,37,41,11,0.318503825,,,2016,aa
Altoona Curve,PIT,23.3,4.4,140,5242,4638,616,1231,255,55,84,577,67,42,457,956,0.265,0.335,0.398,0.733,1848,104,51,49,47,10,0.314677641,,,2016,aa
San Antonio Missions,SDP,23.7,3.66,140,5158,4647,512,1093,217,30,97,475,112,46,373,1182,0.235,0.298,0.357,0.655,1661,96,55,54,29,16,0.293199882,,,2016,aa
Jackson Generals,SEA,24.5,4.5,139,5320,4605,625,1211,215,50,62,572,141,38,555,985,0.263,0.345,0.372,0.717,1712,108,61,31,68,9,0.316878103,,,2016,aa
Richmond Flying Squirrels,SFG,24.5,3.98,141,5280,4737,561,1217,243,29,83,523,62,37,405,1034,0.257,0.32,0.373,0.693,1767,111,58,37,43,8,0.30958231,,,2016,aa
Springfield Cardinals,STL,23.9,4.27,140,5236,4661,598,1192,188,19,125,552,57,48,441,1154,0.256,0.325,0.385,0.709,1793,114,56,34,44,10,0.311441915,,,2016,aa
Montgomery Biscuits,TBR,22.6,4.59,140,5241,4670,642,1179,260,34,97,588,142,56,451,993,0.253,0.32,0.385,0.705,1798,86,34,41,45,8,0.298482759,,,2016,aa
Frisco RoughRiders,TEX,23.7,4.01,139,5067,4610,557,1134,208,33,96,527,79,47,341,993,0.246,0.305,0.368,0.672,1696,107,61,22,33,9,0.292065279,,,2016,aa
New Hampshire Fisher Cats,TOR,24.5,4.27,142,5297,4678,607,1173,222,41,99,557,143,70,468,1034,0.251,0.324,0.379,0.703,1774,106,59,42,50,10,0.298748261,,,2016,aa
Harrisburg Senators,WSN,24.8,4.01,142,5274,4673,569,1183,190,43,72,494,142,48,458,997,0.253,0.323,0.358,0.682,1675,107,46,56,41,6,0.304801097,,,2016,aa
Arizona Diamondbacks,ARI,26.5,4.44,162,6276,5649,720,1494,289,48,154,680,132,44,490,1312,0.264,0.324,0.414,0.738,2341,134,33,46,57,40,0.316037736,,,2015,mlb
Atlanta Braves,ATL,28.8,3.54,162,6034,5420,573,1361,251,18,100,548,69,33,471,1107,0.251,0.314,0.359,0.674,1948,148,44,67,31,39,0.297125353,,,2015,mlb
Baltimore Orioles,BAL,27.9,4.4,162,6007,5485,713,1370,246,20,217,686,44,25,418,1331,0.25,0.307,0.421,0.728,2307,127,51,20,32,23,0.290501386,,,2015,mlb
Boston Red Sox,BOS,28.2,4.62,162,6237,5640,748,1495,294,33,161,706,71,27,478,1148,0.265,0.325,0.415,0.74,2338,127,46,30,42,28,0.305053739,,,2015,mlb
Chicago Cubs,CHC,26.9,4.25,162,6200,5491,689,1341,272,30,171,657,95,37,567,1518,0.244,0.321,0.398,0.719,2186,101,74,32,35,47,0.304925723,,,2015,mlb
Chicago White Sox,CHW,28.2,3.84,162,6070,5533,622,1381,260,27,136,595,68,42,404,1231,0.25,0.306,0.38,0.686,2103,125,65,30,37,22,0.296216988,,,2015,mlb
Cincinnati Reds,CIN,29.5,3.95,162,6196,5571,640,1382,257,27,167,613,134,38,496,1255,0.248,0.312,0.394,0.706,2194,112,42,47,40,38,0.290045357,,,2015,mlb
Cleveland Indians,CLE,28,4.16,161,6109,5439,669,1395,303,29,141,640,86,28,533,1157,0.256,0.325,0.401,0.725,2179,134,39,47,50,34,0.299212598,,,2015,mlb
Colorado Rockies,COL,28,4.55,162,6071,5572,737,1479,274,49,186,702,97,43,388,1283,0.265,0.315,0.432,0.748,2409,114,33,44,34,47,0.312545323,,,2015,mlb
Detroit Tigers,DET,28.3,4.28,161,6159,5605,689,1515,289,49,151,660,83,51,455,1259,0.27,0.328,0.42,0.748,2355,152,41,23,35,36,0.322458629,,,2015,mlb
Houston Astros,HOU,26.3,4.5,162,6073,5459,729,1363,278,26,230,691,121,48,486,1392,0.25,0.315,0.437,0.752,2383,102,56,28,43,22,0.292010309,,,2015,mlb
Kansas City Royals,KCR,29.1,4.47,162,6116,5575,724,1497,300,42,139,689,104,34,383,973,0.269,0.322,0.412,0.734,2298,133,77,34,47,28,0.301108647,,,2015,mlb
Los Angeles Angels of Anaheim,LAA,28.7,4.08,162,5990,5417,661,1331,243,21,176,621,52,34,435,1150,0.246,0.307,0.396,0.702,2144,116,58,37,40,34,0.279593319,,,2015,mlb
Los Angeles Dodgers,LAD,29.6,4.12,162,6090,5385,667,1346,263,26,187,638,59,34,563,1258,0.25,0.326,0.413,0.739,2222,135,60,49,30,31,0.291939547,,,2015,mlb
Miami Marlins,MIA,27.9,3.78,162,5988,5463,613,1420,236,40,120,575,112,45,375,1150,0.26,0.31,0.384,0.694,2096,133,39,71,40,30,0.307110796,,,2015,mlb
Milwaukee Brewers,MIL,28.1,4.04,162,6024,5480,655,1378,274,34,145,624,84,29,412,1299,0.251,0.307,0.393,0.7,2155,130,41,55,34,35,0.302948403,,,2015,mlb
Minnesota Twins,MIN,28.2,4.3,162,6017,5467,696,1349,277,44,156,661,70,38,439,1264,0.247,0.305,0.399,0.704,2182,133,40,30,41,31,0.291829746,,,2015,mlb
New York Mets,NYM,28.6,4.22,162,6145,5527,683,1351,295,17,177,654,51,25,488,1290,0.244,0.312,0.4,0.712,2211,130,68,29,32,42,0.286901271,,,2015,mlb
New York Yankees,NYY,31.4,4.72,162,6268,5567,764,1397,272,19,212,737,63,25,554,1227,0.251,0.323,0.421,0.744,2343,105,63,24,54,23,0.283357245,,,2015,mlb
Oakland Athletics,OAK,27.9,4.28,162,6171,5600,694,1405,277,46,146,661,78,29,475,1119,0.251,0.312,0.395,0.707,2212,124,40,14,38,21,0.287903041,,,2015,mlb
Philadelphia Phillies,PHI,28,3.86,162,6053,5529,626,1374,272,37,130,586,88,32,387,1274,0.249,0.303,0.382,0.684,2110,119,54,53,29,20,0.29947039,,,2015,mlb
Pittsburgh Pirates,PIT,28.2,4.3,162,6285,5631,697,1462,292,27,140,661,98,45,461,1322,0.26,0.323,0.396,0.719,2228,115,89,63,41,46,0.314014252,,,2015,mlb
San Diego Padres,SDP,27.7,4.01,162,6019,5457,650,1324,260,36,148,623,82,29,426,1327,0.243,0.3,0.385,0.685,2100,108,40,52,42,22,0.292246521,,,2015,mlb
Seattle Mariners,SEA,28.6,4.05,162,6131,5544,656,1379,262,22,198,624,69,45,478,1336,0.249,0.311,0.411,0.722,2279,123,36,38,35,31,0.291965389,,,2015,mlb
San Francisco Giants,SFG,28.9,4.3,162,6153,5565,696,1486,288,39,136,663,93,36,457,1159,0.267,0.326,0.406,0.732,2260,142,49,45,37,30,0.313443232,,,2015,mlb
St. Louis Cardinals,STL,28.4,3.99,162,6139,5484,647,1386,288,39,137,619,69,38,506,1267,0.253,0.321,0.394,0.716,2163,128,66,39,42,47,0.303008248,,,2015,mlb
Tampa Bay Rays,TBR,28.5,3.98,162,6071,5485,644,1383,278,32,167,612,87,45,436,1310,0.252,0.314,0.406,0.72,2226,121,84,19,47,22,0.299876695,,,2015,mlb
Texas Rangers,TEX,28.7,4.64,162,6187,5511,751,1419,279,32,172,707,101,39,503,1233,0.257,0.325,0.413,0.739,2278,99,76,43,54,32,0.299759615,,,2015,mlb
Toronto Blue Jays,TOR,29.5,5.5,162,6232,5509,891,1480,308,17,232,852,88,23,570,1151,0.269,0.34,0.457,0.797,2518,140,54,36,62,12,0.297994269,,,2015,mlb
Washington Nationals,WSN,28.4,4.34,162,6117,5428,703,1363,265,13,177,665,57,23,539,1344,0.251,0.321,0.403,0.724,2185,129,44,55,51,38,0.299646286,,,2015,mlb
Mobile BayBears,ARI,23.9,4.03,137,5143,4586,552,1146,216,43,81,502,93,60,422,1050,0.25,0.319,0.369,0.688,1691,84,58,45,32,10,0.305420132,,,2015,aa
Mississippi Braves,ATL,24.8,3.75,136,4994,4418,510,1095,185,27,38,471,86,46,448,897,0.248,0.319,0.328,0.647,1448,124,33,59,36,13,0.300369423,,,2015,aa
Bowie Baysox,BAL,25.3,4.24,142,5297,4791,602,1245,262,28,96,563,62,43,379,932,0.26,0.318,0.386,0.704,1851,110,49,32,46,5,0.301653977,,,2015,aa
Portland Sea Dogs,BOS,24.1,3.8,142,5280,4759,539,1194,264,40,66,508,86,59,401,919,0.251,0.314,0.365,0.678,1736,101,48,41,31,6,0.296452037,,,2015,aa
Tennessee Smokies,CHC,23.4,4.61,139,5241,4515,641,1182,238,36,74,586,61,30,571,904,0.262,0.348,0.38,0.727,1714,127,45,68,42,9,0.309583683,,,2015,aa
Birmingham Barons,CHW,24.5,3.99,139,5162,4539,555,1156,224,40,68,512,128,61,482,1106,0.255,0.331,0.367,0.697,1664,100,52,53,36,7,0.31990591,,,2015,aa
Pensacola Blue Wahoos,CIN,24.7,3.72,138,5074,4427,513,1071,216,35,80,483,76,41,507,1049,0.242,0.325,0.361,0.685,1597,105,57,39,44,9,0.296529025,,,2015,aa
Akron RubberDucks,CLE,24.3,4.08,142,5427,4800,579,1223,228,43,87,529,129,63,478,1009,0.255,0.328,0.375,0.702,1798,105,65,37,47,5,0.302852573,,,2015,aa
New Britain Rock Cats,COL,23.8,4.11,140,5130,4603,575,1159,232,39,82,516,182,88,366,1098,0.252,0.313,0.373,0.686,1715,68,59,74,28,13,0.312083454,,,2015,aa
Erie SeaWolves,DET,25.2,4,142,5161,4649,568,1203,227,33,86,531,139,58,386,956,0.259,0.32,0.377,0.697,1754,92,47,40,39,5,0.306363138,,,2015,aa
Corpus Christi Hooks,HOU,23.1,5.3,140,5416,4727,742,1299,243,29,117,665,148,43,569,997,0.275,0.356,0.413,0.768,1951,123,47,33,40,14,0.323569669,,,2015,aa
Northwest Arkansas Naturals,KCR,23.8,4.5,139,5150,4671,625,1242,266,33,127,577,129,44,358,1130,0.266,0.321,0.419,0.74,1955,84,40,45,36,13,0.323188406,,,2015,aa
Arkansas Travelers,LAA,25.3,3.88,139,5142,4460,539,1055,205,17,60,490,150,44,551,1024,0.237,0.324,0.331,0.654,1474,85,46,40,45,13,0.290850628,,,2015,aa
Tulsa Drillers,LAD,25.7,3.64,139,5172,4654,506,1142,242,24,82,469,78,45,417,988,0.245,0.309,0.361,0.67,1678,104,27,39,35,21,0.292898591,,,2015,aa
Jacksonville Suns,MIA,25.3,3.85,139,5143,4542,535,1124,192,41,71,487,59,23,474,950,0.248,0.32,0.355,0.675,1611,126,33,49,45,6,0.295288839,,,2015,aa
Biloxi Shuckers,MIL,24.1,3.95,137,5061,4387,541,1115,219,35,56,504,120,55,506,878,0.254,0.335,0.358,0.694,1572,103,52,71,45,8,0.302744425,,,2015,aa
Chattanooga Lookouts,MIN,23.3,5.09,137,5228,4535,697,1175,218,59,107,633,164,61,573,1057,0.259,0.346,0.404,0.75,1832,80,52,26,42,9,0.312921184,,,2015,aa
Binghamton Mets,NYM,24.9,4.23,141,5283,4776,596,1224,240,31,92,558,61,36,420,966,0.256,0.32,0.377,0.698,1802,120,46,9,32,7,0.301866667,,,2015,aa
Trenton Thunder,NYY,23.5,3.9,142,5282,4762,554,1195,233,28,73,503,131,43,385,930,0.251,0.313,0.358,0.67,1703,106,61,36,38,14,0.295496445,,,2015,aa
Midland RockHounds,OAK,24.1,5.17,140,5535,4842,724,1335,310,26,117,672,90,34,589,1084,0.276,0.356,0.423,0.779,2048,112,38,25,41,12,0.330798479,,,2015,aa
Reading Fightin Phils,PHI,24,4.72,141,5434,4806,665,1294,273,42,101,616,92,32,478,922,0.269,0.338,0.407,0.744,1954,117,43,60,47,18,0.311488251,,,2015,aa
Altoona Curve,PIT,23.4,4.25,142,5356,4753,603,1288,238,42,75,560,96,76,443,1055,0.271,0.334,0.386,0.72,1835,102,38,63,59,17,0.329440521,,,2015,aa
San Antonio Missions,SDP,24,3.95,140,5188,4718,553,1204,203,25,84,497,75,36,365,918,0.255,0.312,0.362,0.674,1709,101,41,31,33,12,0.298746332,,,2015,aa
Jackson Generals,SEA,23.6,3.7,138,5080,4482,510,1097,235,38,67,459,103,34,480,991,0.245,0.323,0.359,0.682,1609,148,51,32,35,7,0.297773923,,,2015,aa
Richmond Flying Squirrels,SFG,25.3,3.59,140,5081,4610,503,1147,202,27,61,462,84,48,333,979,0.249,0.303,0.344,0.647,1586,96,43,62,33,11,0.301415487,,,2015,aa
Springfield Cardinals,STL,24.1,4.49,140,5358,4713,629,1221,230,26,114,577,114,59,536,933,0.259,0.338,0.392,0.729,1845,98,40,40,29,15,0.299594046,,,2015,aa
Montgomery Biscuits,TBR,23.2,4.91,138,5311,4699,678,1240,266,56,102,625,133,63,481,1081,0.264,0.338,0.409,0.748,1924,97,68,19,44,5,0.319662921,,,2015,aa
Frisco RoughRiders,TEX,23.6,4.12,139,5209,4655,573,1131,215,34,115,524,96,43,444,1196,0.243,0.313,0.378,0.691,1759,77,47,24,39,9,0.300325155,,,2015,aa
New Hampshire Fisher Cats,TOR,24.9,4.07,140,5258,4705,570,1174,214,28,90,521,88,43,433,864,0.25,0.315,0.364,0.679,1714,85,35,38,47,6,0.285413375,,,2015,aa
Harrisburg Senators,WSN,24.8,4,142,5268,4697,568,1159,209,31,68,516,149,52,439,975,0.247,0.314,0.348,0.662,1634,91,40,49,43,17,0.295104138,,,2015,aa
Arizona Diamondbacks,ARI,27.6,3.8,162,6089,5552,615,1379,259,47,118,573,86,33,398,1165,0.248,0.302,0.376,0.678,2086,115,43,56,36,31,0.292915215,,,2014,mlb
Atlanta Braves,ATL,26.8,3.54,162,6064,5468,573,1316,240,22,123,545,95,33,472,1369,0.241,0.305,0.36,0.665,1969,121,43,53,27,31,0.29802648,,,2014,mlb
Baltimore Orioles,BAL,28.3,4.35,162,6130,5596,705,1434,264,16,211,681,44,20,401,1285,0.256,0.311,0.422,0.734,2363,112,62,35,36,29,0.295696325,,,2014,mlb
Boston Red Sox,BOS,29.1,3.91,162,6226,5551,634,1355,282,20,123,601,63,25,535,1337,0.244,0.316,0.369,0.684,2046,138,68,20,52,36,0.297369056,,,2014,mlb
Chicago Cubs,CHC,26.8,3.79,162,6102,5508,614,1315,270,31,157,590,65,40,442,1477,0.239,0.3,0.385,0.684,2118,94,54,57,41,29,0.295785441,,,2014,mlb
Chicago White Sox,CHW,27.7,4.07,162,6077,5543,660,1400,279,32,155,625,85,36,417,1362,0.253,0.31,0.398,0.708,2208,127,60,19,38,33,0.306348425,,,2014,mlb
Cincinnati Reds,CIN,29,3.67,162,5978,5395,595,1282,254,20,131,562,122,52,415,1252,0.238,0.296,0.365,0.661,1969,88,52,76,37,22,0.28426772,,,2014,mlb
Cleveland Indians,CLE,28.6,4.13,162,6222,5575,669,1411,284,23,142,644,104,27,504,1189,0.253,0.317,0.389,0.706,2167,126,42,51,49,24,0.295597484,,,2014,mlb
Colorado Rockies,COL,27.3,4.66,162,6164,5612,755,1551,307,41,186,721,85,48,397,1281,0.276,0.327,0.445,0.772,2498,121,48,59,48,39,0.325542571,,,2014,mlb
Detroit Tigers,DET,29.8,4.67,162,6202,5630,757,1557,325,26,155,731,106,41,443,1144,0.277,0.331,0.426,0.757,2399,137,44,24,61,51,0.319216758,,,2014,mlb
Houston Astros,HOU,25.4,3.88,162,6055,5447,629,1317,240,19,163,596,122,37,495,1442,0.242,0.309,0.383,0.692,2084,122,55,22,36,27,0.29757607,,,2014,mlb
Kansas City Royals,KCR,28.2,4.02,162,6058,5545,651,1456,286,29,95,604,153,36,380,985,0.263,0.314,0.376,0.69,2085,131,53,33,47,22,0.301640071,,,2014,mlb
Los Angeles Angels of Anaheim,LAA,29.3,4.77,162,6285,5652,773,1464,304,31,155,729,81,39,492,1266,0.259,0.322,0.406,0.728,2295,112,60,26,54,42,0.305484247,,,2014,mlb
Los Angeles Dodgers,LAD,29.4,4.43,162,6231,5560,718,1476,302,38,134,686,138,50,519,1246,0.265,0.333,0.406,0.738,2256,119,61,47,43,30,0.317783566,,,2014,mlb
Miami Marlins,MIA,27.4,3.98,162,6185,5538,645,1399,254,36,122,614,58,21,501,1419,0.253,0.317,0.378,0.694,2091,143,35,71,39,49,0.316402379,,,2014,mlb
Milwaukee Brewers,MIL,28.8,4.01,162,6065,5462,650,1366,297,28,150,617,102,43,423,1197,0.25,0.311,0.397,0.708,2169,135,73,70,37,32,0.292870906,,,2014,mlb
Minnesota Twins,MIN,27.5,4.41,162,6233,5567,715,1412,316,27,128,675,99,36,544,1329,0.254,0.324,0.389,0.713,2166,97,53,25,44,29,0.309099663,,,2014,mlb
New York Mets,NYM,28.4,3.88,162,6145,5472,629,1306,275,19,125,602,101,34,516,1264,0.239,0.308,0.364,0.673,1994,112,54,59,44,42,0.286164284,,,2014,mlb
New York Yankees,NYY,32.8,3.91,162,6082,5497,633,1349,247,26,147,591,112,26,452,1133,0.245,0.307,0.38,0.687,2089,111,56,29,47,16,0.281894934,,,2014,mlb
Oakland Athletics,OAK,29.6,4.5,162,6245,5545,729,1354,253,33,146,686,83,20,586,1104,0.244,0.32,0.381,0.7,2111,118,49,19,43,34,0.278469341,,,2014,mlb
Philadelphia Phillies,PHI,30.7,3.82,162,6198,5603,619,1356,251,27,125,584,109,26,443,1306,0.242,0.302,0.363,0.665,2036,94,55,59,37,42,0.29246852,,,2014,mlb
Pittsburgh Pirates,PIT,27.3,4.21,162,6224,5536,682,1436,275,30,156,659,104,47,520,1244,0.259,0.33,0.404,0.734,2239,127,78,54,35,46,0.306880844,,,2014,mlb
San Diego Padres,SDP,27.9,3.3,162,5905,5294,535,1199,224,30,109,500,91,34,468,1294,0.226,0.292,0.342,0.634,1810,118,41,56,45,27,0.276930894,,,2014,mlb
Seattle Mariners,SEA,27.5,3.91,162,5977,5450,634,1328,247,32,136,600,96,42,396,1232,0.244,0.3,0.376,0.676,2047,112,60,35,34,33,0.289601555,,,2014,mlb
San Francisco Giants,SFG,28.6,4.1,162,6087,5523,665,1407,257,42,132,636,56,27,427,1245,0.255,0.311,0.388,0.699,2144,113,43,45,49,37,0.303933254,,,2014,mlb
St. Louis Cardinals,STL,28.5,3.82,162,6086,5426,619,1371,275,21,105,585,57,32,471,1133,0.253,0.32,0.369,0.689,2003,140,86,64,39,28,0.299503194,,,2014,mlb
Tampa Bay Rays,TBR,29.3,3.78,162,6205,5516,612,1361,263,24,117,586,63,27,527,1124,0.247,0.317,0.367,0.684,2023,135,66,43,53,31,0.287430684,,,2014,mlb
Texas Rangers,TEX,28.4,3.93,162,6026,5460,637,1400,260,28,111,597,105,59,417,1162,0.256,0.314,0.375,0.689,2049,148,61,41,45,37,0.304584121,,,2014,mlb
Toronto Blue Jays,TOR,29.2,4.46,162,6167,5549,723,1435,282,24,177,690,78,21,502,1151,0.259,0.323,0.414,0.736,2296,128,41,35,40,27,0.29523586,,,2014,mlb
Washington Nationals,WSN,28.7,4.23,162,6216,5542,686,1403,265,27,152,635,101,23,517,1304,0.253,0.321,0.393,0.714,2178,115,56,60,41,29,0.303125757,,,2014,mlb
Mobile BayBears,ARI,24.9,4.45,137,5176,4550,610,1175,242,37,97,572,56,37,456,1064,0.258,0.331,0.392,0.723,1782,99,66,55,49,19,0.313554392,,,2014,aa
Mississippi Braves,ATL,24.7,4.38,139,5230,4620,609,1228,238,40,63,551,141,55,428,920,0.266,0.336,0.376,0.711,1735,100,79,60,43,20,0.316576087,,,2014,aa
Bowie Baysox,BAL,25.5,4.59,142,5364,4841,652,1330,268,21,109,600,46,29,411,839,0.275,0.333,0.406,0.739,1967,142,35,27,50,5,0.309662693,,,2014,aa
Portland Sea Dogs,BOS,23.8,4.63,142,5219,4611,658,1234,256,30,105,613,108,57,461,1010,0.268,0.341,0.405,0.746,1865,105,74,32,41,10,0.31919706,,,2014,aa
Tennessee Smokies,CHC,23.8,4.35,139,5271,4669,605,1185,249,25,100,566,83,34,463,958,0.254,0.327,0.382,0.709,1784,96,60,49,30,30,0.297995056,,,2014,aa
Birmingham Barons,CHW,24.9,4.31,140,5292,4702,604,1216,260,42,96,560,106,49,441,966,0.259,0.327,0.393,0.72,1848,106,61,43,45,15,0.303934871,,,2014,aa
Pensacola Blue Wahoos,CIN,24.1,4.06,140,5207,4628,569,1163,228,30,101,529,55,47,437,1032,0.251,0.319,0.379,0.698,1754,111,42,58,42,9,0.300254453,,,2014,aa
Akron RubberDucks,CLE,24.3,4.25,142,5291,4744,604,1239,234,39,74,557,114,48,436,1020,0.261,0.325,0.374,0.699,1773,99,37,21,53,7,0.314609776,,,2014,aa
Tulsa Drillers,COL,24,4.1,139,5162,4598,570,1160,200,37,97,515,130,59,413,1137,0.252,0.319,0.375,0.695,1725,89,56,60,35,12,0.312739041,,,2014,aa
Erie SeaWolves,DET,24.6,4.61,142,5295,4771,655,1301,278,27,113,604,117,49,408,907,0.273,0.332,0.413,0.745,1972,95,34,39,43,8,0.313125988,,,2014,aa
Corpus Christi Hooks,HOU,23.1,4.61,140,5401,4656,645,1174,202,30,112,599,170,75,539,984,0.252,0.337,0.381,0.718,1772,90,77,95,34,16,0.295492487,,,2014,aa
Northwest Arkansas Naturals,KCR,23.5,3.61,140,5225,4644,505,1118,206,17,84,462,110,58,436,1067,0.241,0.309,0.347,0.656,1610,107,38,70,37,6,0.292917847,,,2014,aa
Arkansas Travelers,LAA,24.8,4.06,140,5106,4559,569,1145,212,26,79,523,134,57,421,994,0.251,0.318,0.361,0.679,1646,104,47,36,43,16,0.302068575,,,2014,aa
Chattanooga Lookouts,LAD,25,4.41,138,5248,4647,608,1192,256,60,108,575,78,50,431,1013,0.257,0.326,0.407,0.733,1892,99,65,63,42,19,0.303811659,,,2014,aa
Jacksonville Suns,MIA,24.9,4.41,140,5337,4623,618,1135,221,35,76,572,98,36,546,1026,0.246,0.331,0.358,0.689,1654,100,67,52,49,12,0.296638655,,,2014,aa
Huntsville Stars,MIL,25.4,4.35,140,5245,4511,609,1118,214,32,83,555,116,54,562,952,0.248,0.335,0.365,0.7,1645,110,49,84,39,23,0.294452347,,,2014,aa
New Britain Rock Cats,MIN,25.7,4.22,142,5194,4658,599,1182,283,24,100,564,98,39,402,1032,0.254,0.319,0.389,0.708,1813,74,63,28,43,5,0.303166153,,,2014,aa
Binghamton Mets,NYM,24.7,5.06,142,5331,4699,718,1304,273,23,122,668,77,42,492,1005,0.278,0.353,0.423,0.776,1989,114,79,12,49,7,0.326429163,,,2014,aa
Trenton Thunder,NYY,23.3,4.27,142,5365,4813,607,1232,252,37,99,564,75,34,441,927,0.256,0.323,0.385,0.709,1855,126,53,28,30,5,0.296829971,,,2014,aa
Midland RockHounds,OAK,25.1,4.49,140,5374,4714,628,1189,247,28,107,595,137,43,541,1154,0.252,0.332,0.385,0.717,1813,89,45,28,46,9,0.309231209,,,2014,aa
Reading Fightin Phils,PHI,24.7,3.93,142,5229,4705,558,1178,222,27,103,518,80,49,367,944,0.25,0.313,0.375,0.687,1763,89,72,57,28,15,0.291644059,,,2014,aa
Altoona Curve,PIT,23.7,4.45,142,5268,4672,632,1236,231,43,124,575,159,77,457,1155,0.265,0.334,0.412,0.746,1925,103,44,59,36,17,0.324292797,,,2014,aa
San Antonio Missions,SDP,24.7,4.01,140,5358,4826,562,1172,200,27,115,516,105,57,424,1079,0.243,0.309,0.367,0.676,1771,108,50,32,26,18,0.288955714,,,2014,aa
Jackson Generals,SEA,23.5,4.34,139,5210,4641,603,1210,251,48,92,564,109,44,430,894,0.261,0.329,0.395,0.724,1833,113,62,33,44,10,0.30224385,,,2014,aa
Richmond Flying Squirrels,SFG,26.1,4.13,142,5299,4691,586,1200,207,37,74,525,168,51,453,1068,0.256,0.329,0.363,0.692,1703,102,79,36,40,9,0.313736417,,,2014,aa
Springfield Cardinals,STL,24.2,3.95,140,5248,4667,553,1178,195,26,91,502,105,59,453,968,0.252,0.321,0.364,0.685,1698,87,42,40,46,11,0.297482211,,,2014,aa
Montgomery Biscuits,TBR,23.3,4.04,140,5222,4597,566,1131,239,28,101,528,102,42,471,997,0.246,0.324,0.376,0.7,1729,114,78,29,47,10,0.290468133,,,2014,aa
Frisco RoughRiders,TEX,23.5,4.62,139,5217,4664,642,1239,234,29,114,598,85,57,419,1069,0.266,0.332,0.402,0.733,1873,90,61,33,40,17,0.319511502,,,2014,aa
New Hampshire Fisher Cats,TOR,24.9,4.02,142,5211,4731,571,1159,236,36,114,529,125,62,352,996,0.245,0.302,0.382,0.685,1809,78,55,31,42,7,0.285285285,,,2014,aa
Harrisburg Senators,WSN,24.9,4.08,142,5328,4729,580,1171,203,21,113,538,145,49,491,1165,0.248,0.32,0.371,0.691,1755,105,29,38,41,10,0.302978236,,,2014,aa
Amarillo Sod Poodles,ARI,24.4,6.07,137,5366,4735,832,1312,250,26,179,769,147,52,490,1166,0.277,0.352,0.454,0.807,2151,112,80,22,39,11,0.330417031,,,2022,aa
Mississippi Braves,ATL,24.8,4.58,136,5156,4502,623,1112,216,19,116,572,112,28,546,1237,0.247,0.335,0.381,0.716,1714,95,67,5,36,7,0.312715856,,,2022,aa
Bowie Baysox,BAL,23.5,5.2,138,5290,4550,717,1127,250,18,163,670,75,24,558,1318,0.248,0.342,0.418,0.76,1902,96,120,12,50,3,0.309073421,,,2022,aa
Portland Sea Dogs,BOS,23.9,4.73,138,5203,4543,653,1083,228,36,136,605,171,43,533,1363,0.238,0.326,0.394,0.72,1791,65,77,10,40,6,0.307068742,,,2022,aa
Tennessee Smokies,CHC,23.9,5.49,137,5240,4550,752,1174,261,20,189,709,143,54,561,1266,0.258,0.348,0.449,0.797,2042,79,83,13,33,6,0.314897698,,,2022,aa
Birmingham Barons,CHW,24.7,5.29,138,5369,4706,730,1223,244,21,161,678,197,59,526,1287,0.26,0.345,0.423,0.768,1992,100,101,5,31,7,0.322894497,,,2022,aa
Chattanooga Lookouts,CIN,23.7,4.98,136,5181,4501,677,1117,232,33,158,617,170,53,540,1330,0.248,0.339,0.42,0.759,1889,85,96,9,35,5,0.314632546,,,2022,aa
Akron RubberDucks,CLE,22.8,4.64,138,5117,4476,641,1046,231,34,126,584,127,46,494,1205,0.234,0.317,0.385,0.702,1723,63,77,21,49,6,0.288040075,,,2022,aa
Hartford Yard Goats,COL,23.9,4.94,137,5140,4513,677,1112,231,23,160,632,177,41,509,1298,0.246,0.328,0.414,0.743,1869,71,60,21,37,2,0.307891332,,,2022,aa
Erie SeaWolves,DET,24.2,4.8,138,5161,4556,663,1122,233,35,175,619,132,31,467,1279,0.246,0.325,0.428,0.753,1950,92,85,3,50,8,0.300444162,,,2022,aa
Corpus Christi Hooks,HOU,23.9,5.46,137,5318,4531,748,1119,237,25,174,705,158,36,640,1391,0.247,0.351,0.426,0.776,1928,87,104,5,38,7,0.314580559,,,2022,aa
Northwest Arkansas Naturals,KCR,24.2,5.71,137,5441,4644,782,1203,243,15,160,719,179,45,638,1289,0.259,0.353,0.421,0.775,1956,88,73,24,62,9,0.320233344,,,2022,aa
Rocket City Trash Pandas,LAA,24.1,4.95,138,5222,4473,683,1124,211,16,143,618,170,59,618,1355,0.251,0.351,0.402,0.752,1796,86,86,7,38,5,0.325589114,,,2022,aa
Tulsa Drillers,LAD,23.9,5.2,136,5140,4495,707,1107,214,23,196,664,100,22,534,1267,0.246,0.334,0.435,0.769,1955,73,72,5,34,3,0.297129811,,,2022,aa
Pensacola Blue Wahoos,MIA,24.7,4.66,131,4927,4276,610,1038,210,15,119,557,168,42,481,1189,0.243,0.331,0.382,0.714,1635,76,109,14,47,7,0.304809287,,,2022,aa
Biloxi Shuckers,MIL,23.8,4.92,135,5161,4492,664,1112,234,13,154,623,162,40,544,1244,0.248,0.337,0.408,0.745,1834,98,81,6,38,7,0.30587484,,,2022,aa
Wichita Wind Surge,MIN,24.5,5.32,137,5282,4543,729,1185,216,23,164,682,170,50,613,1265,0.261,0.356,0.427,0.783,1939,95,82,6,38,10,0.32392132,,,2022,aa
Binghamton Rumble Ponies,NYM,24,4.61,136,5134,4500,627,1063,224,25,132,578,87,32,500,1305,0.236,0.322,0.385,0.707,1733,81,89,8,37,2,0.300322581,,,2022,aa
Somerset Patriots,NYY,23.9,5.06,136,5122,4459,688,1086,237,23,205,655,205,47,538,1243,0.244,0.334,0.445,0.779,1984,80,85,0,40,3,0.288757784,,,2022,aa
Midland RockHounds,OAK,24.2,5.18,137,5309,4636,710,1230,240,15,152,673,78,30,539,1271,0.265,0.35,0.422,0.772,1956,113,82,14,38,2,0.33159028,,,2022,aa
Reading Fightin Phils,PHI,24.3,4.33,138,5134,4481,598,1054,205,34,119,545,110,42,511,1242,0.235,0.322,0.376,0.698,1684,92,79,27,36,8,0.29626109,,,2022,aa
Altoona Curve,PIT,23.4,4.97,137,5190,4559,681,1131,250,36,143,623,162,40,517,1254,0.248,0.331,0.413,0.744,1882,68,64,13,37,7,0.308846515,,,2022,aa
San Antonio Missions,SDP,24.8,5.32,136,5342,4593,723,1221,240,29,102,652,165,42,567,1129,0.266,0.356,0.397,0.753,1825,106,99,42,41,9,0.328827505,,,2022,aa
Arkansas Travelers,SEA,25,5.36,138,5383,4617,739,1160,209,25,125,675,152,32,646,1204,0.251,0.349,0.389,0.738,1794,69,71,3,46,6,0.310437912,,,2022,aa
Richmond Flying Squirrels,SFG,24.1,4.68,137,5113,4474,641,1028,187,22,169,597,100,31,504,1507,0.23,0.318,0.395,0.712,1766,88,87,15,33,8,0.303426351,,,2022,aa
Springfield Cardinals,STL,23.7,6.09,138,5492,4673,840,1207,243,17,178,766,164,40,687,1280,0.258,0.36,0.432,0.792,2018,92,82,7,43,8,0.315837937,,,2022,aa
Montgomery Biscuits,TBR,23.6,5.2,131,5031,4374,681,1106,250,33,142,626,203,52,529,1357,0.253,0.341,0.423,0.764,1848,74,80,7,41,5,0.330589849,,,2022,aa
Frisco RoughRiders,TEX,24,5.72,137,5351,4654,783,1234,259,23,168,725,145,52,547,1117,0.265,0.35,0.439,0.789,2043,88,88,12,50,4,0.311787072,,,2022,aa
New Hampshire Fisher Cats,TOR,23.5,4.51,138,5022,4408,622,1046,227,16,166,569,107,49,490,1356,0.237,0.324,0.409,0.733,1803,81,90,3,31,2,0.301679808,,,2022,aa
Harrisburg Senators,WSN,25.4,3.99,137,5098,4527,547,1054,202,9,130,505,71,45,460,1261,0.233,0.311,0.368,0.679,1664,92,68,15,28,5,0.292035398,,,2022,aa
Arizona Diamondbacks,ARI,26.5,4.33,162,6027,5351,702,1232,262,24,173,658,104,29,531,1341,0.23,0.304,0.385,0.689,2061,97,60,31,50,14,0.272446617,,,2022,mlb
Atlanta Braves,ATL,27.5,4.87,162,6082,5509,789,1394,298,11,243,753,87,31,470,1498,0.253,0.317,0.443,0.761,2443,103,66,1,36,13,0.302576236,,,2022,mlb
Baltimore Orioles,BAL,27,4.16,162,6049,5429,674,1281,275,25,171,639,95,31,476,1390,0.236,0.305,0.39,0.695,2119,95,83,12,43,10,0.283814881,,,2022,mlb
Boston Red Sox,BOS,28.8,4.54,162,6144,5539,735,1427,352,12,155,704,52,20,478,1373,0.258,0.321,0.409,0.731,2268,131,63,12,50,23,0.313223344,,,2022,mlb
Chicago Cubs,CHC,27.9,4.06,162,6072,5425,657,1293,265,31,159,620,111,37,507,1448,0.238,0.311,0.387,0.698,2097,130,84,19,36,16,0.294239751,,,2022,mlb
Chicago White Sox,CHW,29.3,4.23,162,6123,5611,686,1435,272,9,149,654,58,10,388,1269,0.256,0.31,0.387,0.698,2172,127,73,16,35,9,0.304162725,,,2022,mlb
Cincinnati Reds,CIN,29.4,4,162,5978,5380,648,1264,235,18,156,618,58,33,452,1430,0.235,0.304,0.372,0.676,2003,127,92,12,33,6,0.289521819,,,2022,mlb
Cleveland Guardians,CLE,25.9,4.31,162,6163,5558,698,1410,273,31,127,662,119,27,450,1122,0.254,0.316,0.383,0.699,2126,119,81,22,52,36,0.294198578,,,2022,mlb
Colorado Rockies,COL,29.1,4.31,162,6105,5540,698,1408,280,34,149,669,45,20,453,1330,0.254,0.315,0.398,0.713,2203,139,61,10,40,10,0.306998293,,,2022,mlb
Detroit Tigers,DET,27.9,3.44,162,5870,5378,557,1240,235,27,110,530,47,24,380,1413,0.231,0.286,0.346,0.632,1859,108,58,10,44,8,0.289817902,,,2022,mlb
Houston Astros,HOU,29.3,4.55,162,6054,5409,737,1341,284,13,214,715,83,22,528,1179,0.248,0.319,0.424,0.743,2293,118,60,9,42,18,0.277723016,,,2022,mlb
Kansas City Royals,KCR,27.1,3.95,162,6010,5437,640,1327,247,38,138,613,104,34,460,1287,0.244,0.306,0.38,0.686,2064,101,48,20,44,7,0.293145957,,,2022,mlb
Los Angeles Angels,LAA,27.9,3.85,162,5977,5423,623,1265,219,31,190,600,77,27,449,1539,0.233,0.297,0.39,0.687,2116,95,54,25,25,28,0.289056198,,,2022,mlb
Los Angeles Dodgers,LAD,29.6,5.23,162,6247,5526,847,1418,325,31,212,812,98,18,607,1374,0.257,0.333,0.442,0.775,2441,85,56,3,53,22,0.30202855,,,2022,mlb
Miami Marlins,MIA,28.9,3.62,162,5949,5395,586,1241,248,20,144,554,122,29,436,1429,0.23,0.294,0.363,0.658,1961,120,70,4,36,6,0.28434422,,,2022,mlb
Milwaukee Brewers,MIL,29.1,4.48,162,6122,5417,725,1271,251,17,219,703,96,30,577,1464,0.235,0.315,0.409,0.724,2213,117,80,11,37,25,0.278971095,,,2022,mlb
Minnesota Twins,MIN,26.9,4.3,162,6113,5476,696,1356,269,18,178,668,38,17,518,1353,0.248,0.317,0.401,0.718,2195,133,62,10,46,11,0.295164119,,,2022,mlb
New York Mets,NYM,29.7,4.77,162,6176,5489,772,1422,272,27,171,735,62,22,510,1217,0.259,0.332,0.412,0.744,2261,122,112,20,44,25,0.301809409,,,2022,mlb
New York Yankees,NYY,30.2,4.98,162,6172,5422,807,1308,225,8,254,764,102,33,620,1391,0.241,0.325,0.426,0.751,2311,121,70,14,41,36,0.276060765,,,2022,mlb
Oakland Athletics,OAK,28.3,3.51,162,5863,5314,568,1147,249,15,137,537,78,23,433,1389,0.216,0.281,0.346,0.626,1837,109,59,22,33,7,0.26432871,,,2022,mlb
Philadelphia Phillies,PHI,28.1,4.61,162,6077,5496,747,1392,255,29,205,719,105,28,478,1363,0.253,0.317,0.422,0.739,2320,116,52,6,44,15,0.298841893,,,2022,mlb
Pittsburgh Pirates,PIT,26.3,3.65,162,5912,5331,591,1186,221,29,158,555,89,32,476,1497,0.222,0.291,0.364,0.655,1939,96,54,19,32,14,0.277238403,,,2022,mlb
San Diego Padres,SDP,28.2,4.35,162,6175,5468,705,1317,275,18,153,682,49,22,574,1327,0.241,0.318,0.382,0.7,2087,95,65,17,46,24,0.288547348,,,2022,mlb
Seattle Mariners,SEA,27.5,4.26,162,6117,5375,690,1236,229,19,197,663,83,27,596,1397,0.23,0.315,0.39,0.704,2094,120,89,9,45,17,0.27156299,,,2022,mlb
San Francisco Giants,SFG,30,4.42,162,6117,5392,716,1261,255,18,183,683,64,16,571,1462,0.234,0.315,0.39,0.705,2101,109,95,6,53,14,0.283684211,,,2022,mlb
St. Louis Cardinals,STL,28.8,4.77,162,6165,5496,772,1386,290,21,197,739,95,25,537,1226,0.252,0.325,0.42,0.745,2309,112,80,5,45,11,0.288732394,,,2022,mlb
Tampa Bay Rays,TBR,27,4.11,162,6008,5412,666,1294,296,17,139,634,95,37,500,1395,0.239,0.309,0.377,0.686,2041,93,57,7,31,13,0.295471988,,,2022,mlb
Texas Rangers,TEX,28,4.36,162,6029,5478,707,1308,224,20,198,670,128,41,456,1446,0.239,0.301,0.395,0.696,2166,82,47,10,38,12,0.286673554,,,2022,mlb
Toronto Blue Jays,TOR,27.1,4.78,162,6158,5555,775,1464,307,12,200,756,67,35,500,1242,0.264,0.329,0.431,0.76,2395,136,55,8,33,13,0.304872166,,,2022,mlb
Washington Nationals,WSN,28.7,3.72,162,5998,5434,603,1351,252,20,136,579,75,31,442,1221,0.249,0.31,0.377,0.688,2051,141,60,20,37,12,0.295333009,,,2022,mlb
